<STREME version="5.2.0" release="Wed Oct 14 12:02:54 2020 -0700">
  <model>
    <command_line>streme -oc streme17 --rna --p Positive_sequence.txt --n Negative_sequence.txt</command_line>
    <train_positives count="1341" positions="136781" file="Positive_sequence.txt"/>
    <train_negatives count="3185" positions="324869" from="file" file="Negative_sequence.txt"/>
    <test_positives count="149" positions="15197"/>
    <test_negatives count="353" positions="36005"/>
    <sequence_db/>
    <alphabet name="RNA" like="rna">
      <letter id="A" symbol="A" name="Adenine" colour="CC0000"/>
      <letter id="C" symbol="C" name="Cytosine" colour="0000CC"/>
      <letter id="G" symbol="G" name="Guanine" colour="FFB300"/>
      <letter id="U" symbol="U" aliases="T" name="Uracil" colour="008000"/>
      <letter id="N" symbol="N" aliases="X." equals="ACGU" name="Any base"/>
      <letter id="V" symbol="V" equals="ACG" name="Not U"/>
      <letter id="H" symbol="H" equals="ACU" name="Not G"/>
      <letter id="D" symbol="D" equals="AGU" name="Not C"/>
      <letter id="B" symbol="B" equals="CGU" name="Not A"/>
      <letter id="M" symbol="M" equals="AC" name="Amino"/>
      <letter id="R" symbol="R" equals="AG" name="Purine"/>
      <letter id="W" symbol="W" equals="AU" name="Weak"/>
      <letter id="S" symbol="S" equals="CG" name="Strong"/>
      <letter id="Y" symbol="Y" equals="CU" name="Pyrimidine"/>
      <letter id="K" symbol="K" equals="GU" name="Keto"/>
    </alphabet>
    <strands>none</strands>
    <background A="0.289" C="0.212" G="0.208" U="0.291" from="dataset"/>
    <stop pvt="0.05"/>
    <objfun>Differential Enrichment</objfun>
    <test>Fisher Exact Test</test>
    <minw>8</minw>
    <maxw>15</maxw>
    <kmer>3</kmer>
    <hofract>0.1</hofract>
    <neval>25</neval>
    <nref>4</nref>
    <niter>20</niter>
    <patience>3</patience>
    <seed>0</seed>
    <useer>no</useer>
    <minscore>0</minscore>
    <ignore_depth>5</ignore_depth>
    <nsubsets>1</nsubsets>
    <min_pal_ratio>0.85</min_pal_ratio>
    <max_pal_ed>5</max_pal_ed>
    <cand>no</cand>
    <experimental>no</experimental>
    <totallength>0</totallength>
    <host>DESKTOP-HL7FMNH</host>
  </model>
  <motifs>
    <motif id="1-HCCSUCSC" alt="STREME-1" width="8" initial_width="7" seed="UCCCUCCC" score_threshold="6.06836" train_pos_count="436" train_neg_count="478" train_log_pvalue="-37.9939" train_pvalue="1.0e-038" train_dtc="-1.0" train_bernoulli="-1" test_pos_count="53" test_neg_count="51" test_log_pvalue="-6.66997" test_pvalue="2.1e-007" test_dtc="-1.0" test_bernoulli="-1" is_palindromic="n/a" elapsed_time="14.9">
      <pos A="0.208646" C="0.379951" G="0.00698193" U="0.404421"/>
      <pos A="0.147688" C="0.836378" G="5.91306e-05" U="0.0158748"/>
      <pos A="0.108168" C="0.635354" G="0.212352" U="0.0441267"/>
      <pos A="0.0797122" C="0.389408" G="0.530797" U="8.27203e-05"/>
      <pos A="0.150768" C="0.0194085" G="0.217933" U="0.611891"/>
      <pos A="0.0329392" C="0.638227" G="0.262797" U="0.0660368"/>
      <pos A="8.22365e-05" C="0.538984" G="0.460851" U="8.27203e-05"/>
      <pos A="8.22365e-05" C="0.576531" G="0.270661" U="0.152726"/>
    </motif>
    <motif id="2-GGGGRAGRGR" alt="STREME-2" width="10" initial_width="10" seed="GGGGGAGAGA" score_threshold="4.81058" train_pos_count="787" train_neg_count="918" train_log_pvalue="-77.9405" train_pvalue="1.1e-078" train_dtc="-1.0" train_bernoulli="-1" test_pos_count="74" test_neg_count="112" test_log_pvalue="-3.9188" test_pvalue="1.2e-004" test_dtc="-1.0" test_bernoulli="-1" is_palindromic="n/a" elapsed_time="9.4">
      <pos A="0.124177" C="0.220053" G="0.639891" U="0.0158781"/>
      <pos A="0.110919" C="0.171049" G="0.686025" U="0.0320067"/>
      <pos A="0.275722" C="0.10235" G="0.592152" U="0.0297759"/>
      <pos A="4.28813e-05" C="3.15304e-05" G="0.949578" U="0.0503477"/>
      <pos A="0.307676" C="0.178979" G="0.432673" U="0.0806723"/>
      <pos A="0.705317" C="0.227281" G="3.0833e-05" U="0.0673705"/>
      <pos A="0.0173071" C="0.0380072" G="0.935617" U="0.00906845"/>
      <pos A="0.461863" C="0.205275" G="0.26286" U="0.0700013"/>
      <pos A="0.0977658" C="0.214994" G="0.589272" U="0.0979681"/>
      <pos A="0.300549" C="0.203223" G="0.412857" U="0.0833704"/>
    </motif>
    <motif id="3-CUGKCCUNGKC" alt="STREME-3" width="11" initial_width="10" seed="CUGUCCUAGGC" score_threshold="6.22038" train_pos_count="361" train_neg_count="456" train_log_pvalue="-22.0561" train_pvalue="8.8e-023" train_dtc="-1.0" train_bernoulli="-1" test_pos_count="38" test_neg_count="42" test_log_pvalue="-3.73823" test_pvalue="1.8e-004" test_dtc="-1.0" test_bernoulli="-1" is_palindromic="n/a" elapsed_time="18.0">
      <pos A="6.64238e-05" C="0.814683" G="0.185184" U="6.68146e-05"/>
      <pos A="0.158909" C="0.0224155" G="4.77608e-05" U="0.818628"/>
      <pos A="6.64238e-05" C="0.191068" G="0.715415" U="0.0934511"/>
      <pos A="0.0973422" C="4.88411e-05" G="0.313605" U="0.589004"/>
      <pos A="0.0678599" C="0.781029" G="0.148249" U="0.00286264"/>
      <pos A="0.0746794" C="0.849176" G="0.076078" U="6.68146e-05"/>
      <pos A="0.13405" C="0.243769" G="0.0642516" U="0.557929"/>
      <pos A="0.2388" C="0.26615" G="0.191902" U="0.303147"/>
      <pos A="0.172613" C="0.186568" G="0.51153" U="0.129289"/>
      <pos A="0.135745" C="0.185634" G="0.382917" U="0.295704"/>
      <pos A="0.222241" C="0.554754" G="0.109437" U="0.113567"/>
    </motif>
    <motif id="4-CGUCCUBC" alt="STREME-4" width="8" initial_width="6" seed="CGUCCUGC" score_threshold="8.31479" train_pos_count="135" train_neg_count="116" train_log_pvalue="-15.782" train_pvalue="1.7e-016" train_dtc="-1.0" train_bernoulli="-1" test_pos_count="18" test_neg_count="11" test_log_pvalue="-3.70926" test_pvalue="2.0e-004" test_dtc="-1.0" test_bernoulli="-1" is_palindromic="n/a" elapsed_time="20.5">
      <pos A="0.00022175" C="0.999396" G="0.000159445" U="0.000223055"/>
      <pos A="0.00022175" C="0.000163052" G="0.999392" U="0.000223055"/>
      <pos A="0.0353512" C="0.153781" G="0.17429" U="0.636578"/>
      <pos A="0.00022175" C="0.557147" G="0.165376" U="0.277255"/>
      <pos A="0.156982" C="0.567342" G="0.000159445" U="0.275516"/>
      <pos A="0.323545" C="0.000163052" G="0.000159445" U="0.676132"/>
      <pos A="0.00022175" C="0.319069" G="0.43519" U="0.245519"/>
      <pos A="0.208819" C="0.418735" G="0.169262" U="0.203184"/>
    </motif>
    <motif id="5-CCAGGACUC" alt="STREME-5" width="9" initial_width="7" seed="CCAGGACUC" score_threshold="10.6308" train_pos_count="48" train_neg_count="13" train_log_pvalue="-14.6791" train_pvalue="2.1e-015" train_dtc="-1.0" train_bernoulli="-1" test_pos_count="4" test_neg_count="1" test_log_pvalue="-1.53869" test_pvalue="2.9e-002" test_dtc="-1.0" test_bernoulli="-1" is_palindromic="n/a" elapsed_time="22.8">
      <pos A="0.000567272" C="0.902947" G="0.000407886" U="0.0960782"/>
      <pos A="0.0788351" C="0.824669" G="0.0242848" U="0.0722116"/>
      <pos A="0.807579" C="0.0959247" G="0.0959258" U="0.000570609"/>
      <pos A="0.0244442" C="0.024294" G="0.950691" U="0.000570609"/>
      <pos A="0.000567272" C="0.0366246" G="0.962238" U="0.000570609"/>
      <pos A="0.889747" C="0.000417112" G="0.109265" U="0.000570609"/>
      <pos A="0.000567272" C="0.687776" G="0.181076" U="0.130581"/>
      <pos A="0.000567272" C="0.280803" G="0.000407886" U="0.718222"/>
      <pos A="0.0310813" C="0.850578" G="0.11777" U="0.000570609"/>
    </motif>
    <motif id="6-UGWGUSCAGAG" alt="STREME-6" width="11" initial_width="11" seed="UGAGUCCAGAG" score_threshold="9.14811" train_pos_count="12" train_neg_count="0" train_log_pvalue="-6.35453" train_pvalue="4.4e-007" train_dtc="-1.0" train_bernoulli="-1" test_pos_count="4" test_neg_count="1" test_log_pvalue="-1.53869" test_pvalue="2.9e-002" test_dtc="-1.0" test_bernoulli="-1" is_palindromic="n/a" elapsed_time="29.6">
      <pos A="0.00214323" C="0.0015759" G="0.00154105" U="0.99474"/>
      <pos A="0.00214323" C="0.0015759" G="0.994125" U="0.00215584"/>
      <pos A="0.633848" C="0.0015759" G="0.00154105" U="0.363035"/>
      <pos A="0.00214323" C="0.0015759" G="0.994125" U="0.00215584"/>
      <pos A="0.00214323" C="0.0015759" G="0.00154105" U="0.99474"/>
      <pos A="0.00214323" C="0.54307" G="0.27221" U="0.182576"/>
      <pos A="0.0923533" C="0.90395" G="0.00154105" U="0.00215584"/>
      <pos A="0.994727" C="0.0015759" G="0.00154105" U="0.00215584"/>
      <pos A="0.00214323" C="0.0015759" G="0.994125" U="0.00215584"/>
      <pos A="0.994727" C="0.0015759" G="0.00154105" U="0.00215584"/>
      <pos A="0.00214323" C="0.0015759" G="0.994125" U="0.00215584"/>
    </motif>
    <motif id="7-CUCUUCUU" alt="STREME-7" width="8" initial_width="6" seed="CUCUUCUU" score_threshold="8.04722" train_pos_count="127" train_neg_count="117" train_log_pvalue="-13.4005" train_pvalue="4.0e-014" train_dtc="-1.0" train_bernoulli="-1" test_pos_count="13" test_neg_count="14" test_log_pvalue="-1.53321" test_pvalue="2.9e-002" test_dtc="-1.0" test_bernoulli="-1" is_palindromic="n/a" elapsed_time="24.9">
      <pos A="0.0861181" C="0.812369" G="0.0134471" U="0.0880655"/>
      <pos A="0.000748409" C="0.0922064" G="0.000538129" U="0.906507"/>
      <pos A="0.00550388" C="0.911194" G="0.0825489" U="0.000752811"/>
      <pos A="0.00839391" C="0.0667627" G="0.000538129" U="0.924305"/>
      <pos A="0.00510611" C="0.00485329" G="0.0185509" U="0.97149"/>
      <pos A="0.00114555" C="0.989714" G="0.00838731" U="0.000752811"/>
      <pos A="0.0595029" C="0.0826755" G="0.0320392" U="0.825782"/>
      <pos A="0.0622677" C="0.158741" G="0.0885403" U="0.690451"/>
    </motif>
    <motif id="8-AGGAGGAAVAU" alt="STREME-8" width="11" initial_width="7" seed="AGGAGGAACAU" score_threshold="10.9341" train_pos_count="42" train_neg_count="20" train_log_pvalue="-9.31116" train_pvalue="4.9e-010" train_dtc="-1.0" train_bernoulli="-1" test_pos_count="5" test_neg_count="5" test_log_pvalue="-0.84587" test_pvalue="1.4e-001" test_dtc="-1.0" test_bernoulli="-1" is_palindromic="n/a" elapsed_time="31.8">
      <pos A="0.935086" C="0.000339884" G="0.000332367" U="0.0642416"/>
      <pos A="0.000462242" C="0.000339884" G="0.998733" U="0.000464962"/>
      <pos A="0.142072" C="0.000339884" G="0.598752" U="0.258837"/>
      <pos A="0.871185" C="0.000339884" G="0.000332367" U="0.128143"/>
      <pos A="0.0393829" C="0.019796" G="0.862523" U="0.0782979"/>
      <pos A="0.000462242" C="0.0392522" G="0.914058" U="0.0462278"/>
      <pos A="0.851704" C="0.000339884" G="0.039253" U="0.108703"/>
      <pos A="0.901582" C="0.0587083" G="0.000332367" U="0.0393772"/>
      <pos A="0.367072" C="0.382299" G="0.214367" U="0.036262"/>
      <pos A="0.734958" C="0.0307287" G="0.0392446" U="0.195068"/>
      <pos A="0.10316" C="0.123936" G="0.183263" U="0.589641"/>
    </motif>
    <motif id="9-CCAGGAAC" alt="STREME-9" width="8" initial_width="8" seed="CCAGGAAC" score_threshold="9.67572" train_pos_count="49" train_neg_count="35" train_log_pvalue="-7.4918" train_pvalue="3.2e-008" train_dtc="-1.0" train_bernoulli="-1" test_pos_count="5" test_neg_count="5" test_log_pvalue="-0.84587" test_pvalue="1.4e-001" test_dtc="-1.0" test_bernoulli="-1" is_palindromic="n/a" elapsed_time="35.7">
      <pos A="0.00115523" C="0.996852" G="0.00083065" U="0.00116203"/>
      <pos A="0.00115523" C="0.996852" G="0.00083065" U="0.00116203"/>
      <pos A="0.805594" C="0.000849437" G="0.125424" U="0.0681327"/>
      <pos A="0.160254" C="0.000849437" G="0.721772" U="0.117125"/>
      <pos A="0.00115523" C="0.000849437" G="0.996833" U="0.00116203"/>
      <pos A="0.899868" C="0.000849437" G="0.0981208" U="0.00116203"/>
      <pos A="0.840548" C="0.0953183" G="0.00083065" U="0.0633031"/>
      <pos A="0.00115523" C="0.996852" G="0.00083065" U="0.00116203"/>
    </motif>
    <motif id="10-UMCUCRGCCC" alt="STREME-10" width="10" initial_width="6" seed="UCCUCGGCCC" score_threshold="11.8876" train_pos_count="24" train_neg_count="6" train_log_pvalue="-7.82653" train_pvalue="1.5e-008" train_dtc="-1.0" train_bernoulli="-1" test_pos_count="1" test_neg_count="1" test_log_pvalue="-0.295897" test_pvalue="5.1e-001" test_dtc="-1.0" test_bernoulli="-1" is_palindromic="n/a" elapsed_time="33.8">
      <pos A="0.000986997" C="0.000725733" G="0.000709682" U="0.997578"/>
      <pos A="0.303411" C="0.570256" G="0.000709682" U="0.125623"/>
      <pos A="0.000986997" C="0.89088" G="0.000709682" U="0.107423"/>
      <pos A="0.000986997" C="0.000725733" G="0.000709682" U="0.997578"/>
      <pos A="0.000986997" C="0.997311" G="0.000709682" U="0.000992803"/>
      <pos A="0.297895" C="0.000725733" G="0.481103" U="0.220276"/>
      <pos A="0.000986997" C="0.000725733" G="0.899562" U="0.0987252"/>
      <pos A="0.000986997" C="0.914206" G="0.000709682" U="0.0840976"/>
      <pos A="0.190558" C="0.641565" G="0.000709682" U="0.167167"/>
      <pos A="0.0840739" C="0.671597" G="0.0422531" U="0.202076"/>
    </motif>
  </motifs>
  <reason_for_stopping>Stopped because 3 consecutive motifs exceeded the p-value threshold (0.05).</reason_for_stopping>
  <run_time cpu="35.80"/>
</STREME>
