<STREME version="5.2.0" release="Wed Oct 14 12:02:54 2020 -0700">
  <model>
    <command_line>streme -oc streme7 --rna --p Positive_sequence.txt --n Negative_sequence.txt</command_line>
    <train_positives count="309" positions="31517" file="Positive_sequence.txt"/>
    <train_negatives count="291" positions="29681" from="file" file="Negative_sequence.txt"/>
    <test_positives count="34" positions="3467"/>
    <test_negatives count="32" positions="3263"/>
    <sequence_db/>
    <alphabet name="RNA" like="rna">
      <letter id="A" symbol="A" name="Adenine" colour="CC0000"/>
      <letter id="C" symbol="C" name="Cytosine" colour="0000CC"/>
      <letter id="G" symbol="G" name="Guanine" colour="FFB300"/>
      <letter id="U" symbol="U" aliases="T" name="Uracil" colour="008000"/>
      <letter id="N" symbol="N" aliases="X." equals="ACGU" name="Any base"/>
      <letter id="V" symbol="V" equals="ACG" name="Not U"/>
      <letter id="H" symbol="H" equals="ACU" name="Not G"/>
      <letter id="D" symbol="D" equals="AGU" name="Not C"/>
      <letter id="B" symbol="B" equals="CGU" name="Not A"/>
      <letter id="M" symbol="M" equals="AC" name="Amino"/>
      <letter id="R" symbol="R" equals="AG" name="Purine"/>
      <letter id="W" symbol="W" equals="AU" name="Weak"/>
      <letter id="S" symbol="S" equals="CG" name="Strong"/>
      <letter id="Y" symbol="Y" equals="CU" name="Pyrimidine"/>
      <letter id="K" symbol="K" equals="GU" name="Keto"/>
    </alphabet>
    <strands>none</strands>
    <background A="0.259" C="0.24" G="0.219" U="0.282" from="dataset"/>
    <stop pvt="0.05"/>
    <objfun>Differential Enrichment</objfun>
    <test>Fisher Exact Test</test>
    <minw>8</minw>
    <maxw>15</maxw>
    <kmer>3</kmer>
    <hofract>0.1</hofract>
    <neval>25</neval>
    <nref>4</nref>
    <niter>20</niter>
    <patience>3</patience>
    <seed>0</seed>
    <useer>no</useer>
    <minscore>0</minscore>
    <ignore_depth>5</ignore_depth>
    <nsubsets>1</nsubsets>
    <min_pal_ratio>0.85</min_pal_ratio>
    <max_pal_ed>5</max_pal_ed>
    <cand>no</cand>
    <experimental>no</experimental>
    <totallength>0</totallength>
    <host>DESKTOP-HL7FMNH</host>
  </model>
  <motifs>
    <motif id="1-AUGMAUWUAUWW" alt="STREME-1" width="12" initial_width="14" seed="AUGCAUUUAUUA" score_threshold="5.32933" train_pos_count="179" train_neg_count="88" train_log_pvalue="-11.2449" train_pvalue="5.7e-012" train_dtc="-1.0" train_bernoulli="-1" test_pos_count="19" test_neg_count="6" test_log_pvalue="-2.72012" test_pvalue="1.9e-003" test_dtc="-1.0" test_bernoulli="-1" is_palindromic="n/a" elapsed_time="2.2">
      <pos A="0.770474" C="0.000207118" G="0.0230829" U="0.206236"/>
      <pos A="0.293253" C="0.000207118" G="0.00018876" U="0.706351"/>
      <pos A="0.21425" C="0.000207118" G="0.737218" U="0.0483244"/>
      <pos A="0.446577" C="0.351558" G="0.0631171" U="0.138747"/>
      <pos A="0.662891" C="0.00592726" G="0.00018876" U="0.330993"/>
      <pos A="0.0483119" C="0.0539954" G="0.176421" U="0.721272"/>
      <pos A="0.318393" C="0.0768895" G="0.13068" U="0.474037"/>
      <pos A="0.0974794" C="0.0368349" G="0.00018876" U="0.865497"/>
      <pos A="0.5233" C="0.142118" G="0.108892" U="0.22569"/>
      <pos A="0.0997796" C="0.214248" G="0.174114" U="0.511859"/>
      <pos A="0.390496" C="0.114637" G="0.12156" U="0.373307"/>
      <pos A="0.427096" C="0.114624" G="0.119219" U="0.339061"/>
    </motif>
    <motif id="2-AAMWACUK" alt="STREME-2" width="8" initial_width="10" seed="AAAAACUG" score_threshold="5.82928" train_pos_count="186" train_neg_count="75" train_log_pvalue="-17.0913" train_pvalue="8.1e-018" train_dtc="-1.0" train_bernoulli="-1" test_pos_count="21" test_neg_count="10" test_log_pvalue="-1.91037" test_pvalue="1.2e-002" test_dtc="-1.0" test_bernoulli="-1" is_palindromic="n/a" elapsed_time="1.1">
      <pos A="0.587831" C="0.0398091" G="0.0798405" U="0.292519"/>
      <pos A="0.730417" C="0.0821074" G="0.0696817" U="0.117794"/>
      <pos A="0.544738" C="0.295846" G="0.000193151" U="0.159223"/>
      <pos A="0.537925" C="0.000211937" G="0.000193151" U="0.46167"/>
      <pos A="0.999347" C="0.000211937" G="0.000193151" U="0.000248363"/>
      <pos A="0.126979" C="0.519701" G="0.162488" U="0.190832"/>
      <pos A="0.000228607" C="0.00606518" G="0.00604639" U="0.98766"/>
      <pos A="0.123495" C="0.0516519" G="0.447862" U="0.376992"/>
    </motif>
    <motif id="3-AAACAAAAAA" alt="STREME-3" width="10" initial_width="11" seed="AAACAAAAAA" score_threshold="7.40813" train_pos_count="74" train_neg_count="16" train_log_pvalue="-10.2038" train_pvalue="6.3e-011" train_dtc="-1.0" train_bernoulli="-1" test_pos_count="8" test_neg_count="2" test_log_pvalue="-1.29021" test_pvalue="5.1e-002" test_dtc="-1.0" test_bernoulli="-1" is_palindromic="n/a" elapsed_time="3.0">
      <pos A="0.985583" C="0.000469588" G="0.0133969" U="0.000550295"/>
      <pos A="0.798726" C="0.000469588" G="0.0263659" U="0.174439"/>
      <pos A="0.765034" C="0.0782834" G="0.130164" U="0.026519"/>
      <pos A="0.0656762" C="0.697105" G="0.0133969" U="0.223822"/>
      <pos A="0.863601" C="0.0264075" G="0.000427964" U="0.109563"/>
      <pos A="0.832464" C="0.0134385" G="0.0445653" U="0.109532"/>
      <pos A="0.662694" C="0.0964828" G="0.123553" U="0.117271"/>
      <pos A="0.793511" C="0.0134385" G="0.1925" U="0.000550295"/>
      <pos A="0.5599" C="0.161358" G="0.0263659" U="0.252376"/>
      <pos A="0.585977" C="0.244449" G="0.0912107" U="0.0783641"/>
    </motif>
    <motif id="4-ACUUUAAA" alt="STREME-4" width="8" initial_width="6" seed="ACUUUAAA" score_threshold="8.51991" train_pos_count="32" train_neg_count="2" train_log_pvalue="-7.38637" train_pvalue="4.1e-008" train_dtc="-1.0" train_bernoulli="-1" test_pos_count="2" test_neg_count="0" test_log_pvalue="-0.582464" test_pvalue="2.6e-001" test_dtc="-1.0" test_bernoulli="-1" is_palindromic="n/a" elapsed_time="4.3">
      <pos A="0.970614" C="0.00852537" G="0.000640093" U="0.0202204"/>
      <pos A="0.000757589" C="0.978806" G="0.000640093" U="0.019796"/>
      <pos A="0.0779684" C="0.0667173" G="0.0394347" U="0.81588"/>
      <pos A="0.117187" C="0.0390726" G="0.000640093" U="0.8431"/>
      <pos A="0.0668185" C="0.0588942" G="0.156118" U="0.718169"/>
      <pos A="0.78428" C="0.0588942" G="0.0977648" U="0.0590609"/>
      <pos A="0.683554" C="0.0746785" G="0.163779" U="0.0779879"/>
      <pos A="0.683761" C="0.152198" G="0.0584076" U="0.105633"/>
    </motif>
    <motif id="5-CCUUUCUACA" alt="STREME-5" width="10" initial_width="7" seed="CCUUUCUACA" score_threshold="7.33602" train_pos_count="48" train_neg_count="9" train_log_pvalue="-7.16364" train_pvalue="6.9e-008" train_dtc="-1.0" train_bernoulli="-1" test_pos_count="1" test_neg_count="3" test_log_pvalue="-0.0222282" test_pvalue="9.5e-001" test_dtc="-1.0" test_bernoulli="-1" is_palindromic="n/a" elapsed_time="3.8">
      <pos A="0.118398" C="0.784168" G="0.00071789" U="0.0967163"/>
      <pos A="0.000849667" C="0.714645" G="0.0659824" U="0.218523"/>
      <pos A="0.240204" C="0.109562" G="0.0442276" U="0.606006"/>
      <pos A="0.0226045" C="0.0878586" G="0.0224727" U="0.867064"/>
      <pos A="0.0443593" C="0.0661038" G="0.109492" U="0.780045"/>
      <pos A="0.131379" C="0.86698" G="0.00071789" U="0.000923095"/>
      <pos A="0.0443593" C="0.0660522" G="0.0224727" U="0.867116"/>
      <pos A="0.718966" C="0.257639" G="0.00071789" U="0.0226779"/>
      <pos A="0.0226045" C="0.510026" G="0.240073" U="0.227297"/>
      <pos A="0.605881" C="0.283652" G="0.00071789" U="0.109749"/>
    </motif>
  </motifs>
  <reason_for_stopping>Stopped because 3 consecutive motifs exceeded the p-value threshold (0.05).</reason_for_stopping>
  <run_time cpu="4.31"/>
</STREME>
