<STREME version="5.2.0" release="Wed Oct 14 12:02:54 2020 -0700">
  <model>
    <command_line>streme -oc streme22 --rna --p Positive_sequence.txt --n Negative_sequence.txt</command_line>
    <train_positives count="489" positions="49877" file="Positive_sequence.txt"/>
    <train_negatives count="3162" positions="322523" from="file" file="Negative_sequence.txt"/>
    <test_positives count="54" positions="5507"/>
    <test_negatives count="351" positions="35801"/>
    <sequence_db/>
    <alphabet name="RNA" like="rna">
      <letter id="A" symbol="A" name="Adenine" colour="CC0000"/>
      <letter id="C" symbol="C" name="Cytosine" colour="0000CC"/>
      <letter id="G" symbol="G" name="Guanine" colour="FFB300"/>
      <letter id="U" symbol="U" aliases="T" name="Uracil" colour="008000"/>
      <letter id="N" symbol="N" aliases="X." equals="ACGU" name="Any base"/>
      <letter id="V" symbol="V" equals="ACG" name="Not U"/>
      <letter id="H" symbol="H" equals="ACU" name="Not G"/>
      <letter id="D" symbol="D" equals="AGU" name="Not C"/>
      <letter id="B" symbol="B" equals="CGU" name="Not A"/>
      <letter id="M" symbol="M" equals="AC" name="Amino"/>
      <letter id="R" symbol="R" equals="AG" name="Purine"/>
      <letter id="W" symbol="W" equals="AU" name="Weak"/>
      <letter id="S" symbol="S" equals="CG" name="Strong"/>
      <letter id="Y" symbol="Y" equals="CU" name="Pyrimidine"/>
      <letter id="K" symbol="K" equals="GU" name="Keto"/>
    </alphabet>
    <strands>none</strands>
    <background A="0.296" C="0.204" G="0.203" U="0.297" from="dataset"/>
    <stop pvt="0.05"/>
    <objfun>Differential Enrichment</objfun>
    <test>Fisher Exact Test</test>
    <minw>8</minw>
    <maxw>15</maxw>
    <kmer>3</kmer>
    <hofract>0.1</hofract>
    <neval>25</neval>
    <nref>4</nref>
    <niter>20</niter>
    <patience>3</patience>
    <seed>0</seed>
    <useer>no</useer>
    <minscore>0</minscore>
    <ignore_depth>5</ignore_depth>
    <nsubsets>1</nsubsets>
    <min_pal_ratio>0.85</min_pal_ratio>
    <max_pal_ed>5</max_pal_ed>
    <cand>no</cand>
    <experimental>no</experimental>
    <totallength>0</totallength>
    <host>DESKTOP-HL7FMNH</host>
  </model>
  <motifs>
    <motif id="1-GGSSCUGSCYSSB" alt="STREME-1" width="13" initial_width="8" seed="GGCCCUGGCUGGG" score_threshold="6.49694" train_pos_count="199" train_neg_count="383" train_log_pvalue="-46.3918" train_pvalue="4.1e-047" train_dtc="-1.0" train_bernoulli="-1" test_pos_count="23" test_neg_count="47" test_log_pvalue="-5.74566" test_pvalue="1.8e-006" test_dtc="-1.0" test_bernoulli="-1" is_palindromic="n/a" elapsed_time="5.5">
      <pos A="0.00998851" C="0.0892942" G="0.847643" U="0.053074"/>
      <pos A="0.0744392" C="0.175465" G="0.750023" U="7.31925e-05"/>
      <pos A="0.0992345" C="0.570589" G="0.307789" U="0.0223868"/>
      <pos A="0.178561" C="0.494081" G="0.327285" U="7.31925e-05"/>
      <pos A="7.30199e-05" C="0.728303" G="0.266593" U="0.00503094"/>
      <pos A="0.213609" C="0.205818" G="0.0877594" U="0.492814"/>
      <pos A="7.30199e-05" C="0.20179" G="0.778233" U="0.0199042"/>
      <pos A="0.0580425" C="0.254782" G="0.492793" U="0.194382"/>
      <pos A="0.107616" C="0.606227" G="0.236507" U="0.0496506"/>
      <pos A="0.168645" C="0.389614" G="0.142295" U="0.299447"/>
      <pos A="0.0149463" C="0.343103" G="0.514493" U="0.127458"/>
      <pos A="0.0893124" C="0.335068" G="0.456548" U="0.119072"/>
      <pos A="0.142322" C="0.330702" G="0.328236" U="0.19874"/>
    </motif>
    <motif id="2-GAGAAGGGAAGGGG" alt="STREME-2" width="14" initial_width="12" seed="GAGAAGGGAAGGGG" score_threshold="15.0606" train_pos_count="4" train_neg_count="0" train_log_pvalue="-3.49704" train_pvalue="3.2e-004" train_dtc="-1.0" train_bernoulli="-1" test_pos_count="2" test_neg_count="0" test_log_pvalue="-1.75717" test_pvalue="1.7e-002" test_dtc="-1.0" test_bernoulli="-1" is_palindromic="n/a" elapsed_time="14.7">
      <pos A="0.0269182" C="0.0185909" G="0.927509" U="0.0269818"/>
      <pos A="0.936009" C="0.0185909" G="0.0184182" U="0.0269818"/>
      <pos A="0.0269182" C="0.0185909" G="0.927509" U="0.0269818"/>
      <pos A="0.936009" C="0.0185909" G="0.0184182" U="0.0269818"/>
      <pos A="0.936009" C="0.0185909" G="0.0184182" U="0.0269818"/>
      <pos A="0.0269182" C="0.0185909" G="0.927509" U="0.0269818"/>
      <pos A="0.0269182" C="0.0185909" G="0.927509" U="0.0269818"/>
      <pos A="0.0269182" C="0.0185909" G="0.927509" U="0.0269818"/>
      <pos A="0.936009" C="0.0185909" G="0.0184182" U="0.0269818"/>
      <pos A="0.936009" C="0.0185909" G="0.0184182" U="0.0269818"/>
      <pos A="0.0269182" C="0.0185909" G="0.927509" U="0.0269818"/>
      <pos A="0.0269182" C="0.0185909" G="0.927509" U="0.0269818"/>
      <pos A="0.0269182" C="0.0185909" G="0.927509" U="0.0269818"/>
      <pos A="0.0269182" C="0.0185909" G="0.927509" U="0.0269818"/>
    </motif>
    <motif id="3-CAGAGGAGGAAGD" alt="STREME-3" width="13" initial_width="14" seed="CAGAGGAGGAAGA" score_threshold="10.4411" train_pos_count="39" train_neg_count="36" train_log_pvalue="-15.1556" train_pvalue="7.0e-016" train_dtc="-1.0" train_bernoulli="-1" test_pos_count="4" test_neg_count="6" test_log_pvalue="-1.49271" test_pvalue="3.2e-002" test_dtc="-1.0" test_bernoulli="-1" is_palindromic="n/a" elapsed_time="11.3">
      <pos A="0.0203991" C="0.76419" G="0.0743753" U="0.141036"/>
      <pos A="0.778163" C="0.0605135" G="0.0605116" U="0.100812"/>
      <pos A="0.000296086" C="0.0404105" G="0.958997" U="0.000296786"/>
      <pos A="0.697715" C="0.0203075" G="0.140941" U="0.141036"/>
      <pos A="0.120932" C="0.000204491" G="0.878567" U="0.000296786"/>
      <pos A="0.141017" C="0.0404105" G="0.818276" U="0.000296786"/>
      <pos A="0.925106" C="0.000204491" G="0.0542901" U="0.0203998"/>
      <pos A="0.0606051" C="0.0605135" G="0.838379" U="0.0405028"/>
      <pos A="0.221429" C="0.100737" G="0.617228" U="0.0606058"/>
      <pos A="0.737921" C="0.0605135" G="0.140941" U="0.0606236"/>
      <pos A="0.637406" C="0.000204491" G="0.241456" U="0.120933"/>
      <pos A="0.235311" C="0.161029" G="0.603364" U="0.000296786"/>
      <pos A="0.436376" C="0.0605135" G="0.221371" U="0.281739"/>
    </motif>
    <motif id="4-CCUGGGGC" alt="STREME-4" width="8" initial_width="8" seed="CCUGGGGC" score_threshold="6.36461" train_pos_count="168" train_neg_count="443" train_log_pvalue="-24.3609" train_pvalue="4.4e-025" train_dtc="-1.0" train_bernoulli="-1" test_pos_count="15" test_neg_count="57" test_log_pvalue="-1.45862" test_pvalue="3.5e-002" test_dtc="-1.0" test_bernoulli="-1" is_palindromic="n/a" elapsed_time="8.7">
      <pos A="0.0919663" C="0.836301" G="0.0565918" U="0.0151408"/>
      <pos A="0.071734" C="0.87668" G="0.0514405" U="0.000145499"/>
      <pos A="0.187255" C="0.00995569" G="0.171027" U="0.631762"/>
      <pos A="0.0167972" C="0.111042" G="0.856123" U="0.016038"/>
      <pos A="0.106024" C="0.0504849" G="0.843346" U="0.000145499"/>
      <pos A="0.21863" C="0.0446705" G="0.559096" U="0.177604"/>
      <pos A="0.0555211" C="0.0275641" G="0.709984" U="0.206931"/>
      <pos A="0.0930206" C="0.558856" G="0.266142" U="0.0819807"/>
    </motif>
    <motif id="5-GGGCCCCC" alt="STREME-5" width="8" initial_width="4" seed="GGGCCCCC" score_threshold="9.95161" train_pos_count="19" train_neg_count="14" train_log_pvalue="-8.60616" train_pvalue="2.5e-009" train_dtc="-1.0" train_bernoulli="-1" test_pos_count="2" test_neg_count="1" test_log_pvalue="-1.31911" test_pvalue="4.8e-002" test_dtc="-1.0" test_bernoulli="-1" is_palindromic="n/a" elapsed_time="24.0">
      <pos A="0.0264321" C="0.049792" G="0.897342" U="0.0264338"/>
      <pos A="0.000725975" C="0.0991262" G="0.850129" U="0.0500184"/>
      <pos A="0.000725975" C="0.000501391" G="0.964052" U="0.0347202"/>
      <pos A="0.148641" C="0.800843" G="0.000496733" U="0.0500184"/>
      <pos A="0.0840091" C="0.683568" G="0.0990781" U="0.133345"/>
      <pos A="0.0500166" C="0.800843" G="0.148412" U="0.000727692"/>
      <pos A="0.0757227" C="0.82235" G="0.0754935" U="0.0264338"/>
      <pos A="0.119617" C="0.747631" G="0.0497874" U="0.0829649"/>
    </motif>
    <motif id="6-CWUCCCCYU" alt="STREME-6" width="9" initial_width="10" seed="CAUCCCCCU" score_threshold="9.75912" train_pos_count="44" train_neg_count="65" train_log_pvalue="-12.004" train_pvalue="9.9e-013" train_dtc="-1.0" train_bernoulli="-1" test_pos_count="1" test_neg_count="7" test_log_pvalue="-0.164229" test_pvalue="6.9e-001" test_dtc="-1.0" test_bernoulli="-1" is_palindromic="n/a" elapsed_time="19.4">
      <pos A="0.0162637" C="0.983163" G="0.000232693" U="0.000340884"/>
      <pos A="0.470642" C="0.0392486" G="0.0695028" U="0.420607"/>
      <pos A="0.112264" C="0.0122768" G="0.0161563" U="0.859303"/>
      <pos A="0.0162637" C="0.896135" G="0.0281983" U="0.0594031"/>
      <pos A="0.0744857" C="0.901851" G="0.0233227" U="0.000340884"/>
      <pos A="0.0465201" C="0.810727" G="0.000232693" U="0.142521"/>
      <pos A="0.108134" C="0.845092" G="0.0464331" U="0.000340884"/>
      <pos A="0.0176665" C="0.492895" G="0.216821" U="0.272618"/>
      <pos A="0.0316789" C="0.0969276" G="0.164884" U="0.70651"/>
    </motif>
    <motif id="7-AUUWCUUAYMUUDHM" alt="STREME-7" width="15" initial_width="9" seed="AUUUCUUACAUUGAA" score_threshold="11.6124" train_pos_count="19" train_neg_count="11" train_log_pvalue="-9.61129" train_pvalue="2.4e-010" train_dtc="-1.0" train_bernoulli="-1" test_pos_count="0" test_neg_count="0" test_log_pvalue="0" test_pvalue="1.0e+000" test_dtc="-1.0" test_bernoulli="-1" is_palindromic="n/a" elapsed_time="29.2">
      <pos A="0.94567" C="0.000533953" G="0.000528992" U="0.0532667"/>
      <pos A="0.000773122" C="0.000533953" G="0.000528992" U="0.998164"/>
      <pos A="0.000773122" C="0.000533953" G="0.000528992" U="0.998164"/>
      <pos A="0.31577" C="0.000533953" G="0.0530207" U="0.630676"/>
      <pos A="0.000773122" C="0.997923" G="0.000528992" U="0.00077495"/>
      <pos A="0.0532648" C="0.105517" G="0.000528992" U="0.840689"/>
      <pos A="0.21074" C="0.000533953" G="0.000528992" U="0.788197"/>
      <pos A="0.94567" C="0.0530257" G="0.000528992" U="0.00077495"/>
      <pos A="0.105757" C="0.472959" G="0.000528992" U="0.420755"/>
      <pos A="0.52569" C="0.263039" G="0.000528992" U="0.210742"/>
      <pos A="0.0532648" C="0.158009" G="0.000528992" U="0.788197"/>
      <pos A="0.21074" C="0.0530257" G="0.105512" U="0.630722"/>
      <pos A="0.210786" C="0.000533953" G="0.420463" U="0.368217"/>
      <pos A="0.473245" C="0.262993" G="0.000528992" U="0.263234"/>
      <pos A="0.473245" C="0.315484" G="0.000528992" U="0.210742"/>
    </motif>
    <motif id="8-CACCUGCYCASCWY" alt="STREME-8" width="14" initial_width="15" seed="CACCUGCUCACCUC" score_threshold="13.5015" train_pos_count="13" train_neg_count="3" train_log_pvalue="-8.83142" train_pvalue="1.5e-009" train_dtc="-1.0" train_bernoulli="-1" test_pos_count="0" test_neg_count="0" test_log_pvalue="0" test_pvalue="1.0e+000" test_dtc="-1.0" test_bernoulli="-1" is_palindromic="n/a" elapsed_time="33.3">
      <pos A="0.000863808" C="0.645786" G="0.0592399" U="0.29411"/>
      <pos A="0.704702" C="0.000596584" G="0.176538" U="0.118164"/>
      <pos A="0.0595127" C="0.821733" G="0.0592399" U="0.0595147"/>
      <pos A="0.0595127" C="0.880382" G="0.000591042" U="0.0595147"/>
      <pos A="0.0595127" C="0.117894" G="0.000591042" U="0.822002"/>
      <pos A="0.000863808" C="0.000596584" G="0.880376" U="0.118164"/>
      <pos A="0.000863808" C="0.997679" G="0.000591042" U="0.00086585"/>
      <pos A="0.000863808" C="0.35249" G="0.117889" U="0.528758"/>
      <pos A="0.0595127" C="0.704435" G="0.176538" U="0.0595147"/>
      <pos A="0.763351" C="0.000596584" G="0.117889" U="0.118164"/>
      <pos A="0.0595127" C="0.528488" G="0.352484" U="0.0595147"/>
      <pos A="0.000863808" C="0.880382" G="0.0592399" U="0.0595147"/>
      <pos A="0.294108" C="0.0592455" G="0.117889" U="0.528758"/>
      <pos A="0.0595127" C="0.469839" G="0.176538" U="0.29411"/>
    </motif>
  </motifs>
  <reason_for_stopping>Stopped because 3 consecutive motifs exceeded the p-value threshold (0.05).</reason_for_stopping>
  <run_time cpu="36.83"/>
</STREME>
