<STREME version="5.2.0" release="Wed Oct 14 12:02:54 2020 -0700">
  <model>
    <command_line>streme -oc streme3 --rna --p Positive_sequence.txt --n Negative_sequence.txt</command_line>
    <train_positives count="187" positions="19073" file="Positive_sequence.txt"/>
    <train_negatives count="183" positions="18665" from="file" file="Negative_sequence.txt"/>
    <test_positives count="20" positions="2039"/>
    <test_negatives count="20" positions="2039"/>
    <sequence_db/>
    <alphabet name="RNA" like="rna">
      <letter id="A" symbol="A" name="Adenine" colour="CC0000"/>
      <letter id="C" symbol="C" name="Cytosine" colour="0000CC"/>
      <letter id="G" symbol="G" name="Guanine" colour="FFB300"/>
      <letter id="U" symbol="U" aliases="T" name="Uracil" colour="008000"/>
      <letter id="N" symbol="N" aliases="X." equals="ACGU" name="Any base"/>
      <letter id="V" symbol="V" equals="ACG" name="Not U"/>
      <letter id="H" symbol="H" equals="ACU" name="Not G"/>
      <letter id="D" symbol="D" equals="AGU" name="Not C"/>
      <letter id="B" symbol="B" equals="CGU" name="Not A"/>
      <letter id="M" symbol="M" equals="AC" name="Amino"/>
      <letter id="R" symbol="R" equals="AG" name="Purine"/>
      <letter id="W" symbol="W" equals="AU" name="Weak"/>
      <letter id="S" symbol="S" equals="CG" name="Strong"/>
      <letter id="Y" symbol="Y" equals="CU" name="Pyrimidine"/>
      <letter id="K" symbol="K" equals="GU" name="Keto"/>
    </alphabet>
    <strands>none</strands>
    <background A="0.288" C="0.202" G="0.192" U="0.319" from="dataset"/>
    <stop pvt="0.05"/>
    <objfun>Differential Enrichment</objfun>
    <test>Fisher Exact Test</test>
    <minw>8</minw>
    <maxw>15</maxw>
    <kmer>3</kmer>
    <hofract>0.1</hofract>
    <neval>25</neval>
    <nref>4</nref>
    <niter>20</niter>
    <patience>3</patience>
    <seed>0</seed>
    <useer>no</useer>
    <minscore>0</minscore>
    <ignore_depth>5</ignore_depth>
    <nsubsets>1</nsubsets>
    <min_pal_ratio>0.85</min_pal_ratio>
    <max_pal_ed>5</max_pal_ed>
    <cand>no</cand>
    <experimental>no</experimental>
    <totallength>0</totallength>
    <host>DESKTOP-HL7FMNH</host>
  </model>
  <motifs>
    <motif id="1-AAAGGGGCM" alt="STREME-1" width="9" initial_width="7" seed="AAAGGGGCC" score_threshold="6.79113" train_pos_count="77" train_neg_count="19" train_log_pvalue="-11.3169" train_pvalue="4.8e-012" train_dtc="-1.0" train_bernoulli="-1" test_pos_count="6" test_neg_count="1" test_log_pvalue="-1.33972" test_pvalue="4.6e-002" test_dtc="-1.0" test_bernoulli="-1" is_palindromic="n/a" elapsed_time="0.9">
      <pos A="0.513953" C="0.12184" G="0.201144" U="0.163063"/>
      <pos A="0.6746" C="0.0544721" G="0.18932" U="0.0816079"/>
      <pos A="0.971584" C="0.0274088" G="0.000378298" U="0.000629179"/>
      <pos A="0.000569323" C="0.000398447" G="0.897311" U="0.101721"/>
      <pos A="0.0680691" C="0.000398447" G="0.930903" U="0.000629179"/>
      <pos A="0.041164" C="0.000398447" G="0.944329" U="0.0141082"/>
      <pos A="0.22824" C="0.000398447" G="0.635177" U="0.136185"/>
      <pos A="0.248431" C="0.561514" G="0.000378298" U="0.189677"/>
      <pos A="0.566003" C="0.291119" G="0.0814624" U="0.0614155"/>
    </motif>
    <motif id="2-AAGGAAGU" alt="STREME-2" width="8" initial_width="7" seed="AAGGAAGU" score_threshold="7.08053" train_pos_count="58" train_neg_count="13" train_log_pvalue="-8.69667" train_pvalue="2.0e-009" train_dtc="-1.0" train_bernoulli="-1" test_pos_count="4" test_neg_count="0" test_log_pvalue="-1.2756" test_pvalue="5.3e-002" test_dtc="-1.0" test_bernoulli="-1" is_palindromic="n/a" elapsed_time="4.0">
      <pos A="0.758945" C="0.0466983" G="0.0448912" U="0.149465"/>
      <pos A="0.899471" C="0.0152932" G="0.0845428" U="0.00069337"/>
      <pos A="0.0602179" C="0.0748837" G="0.841521" U="0.0233774"/>
      <pos A="0.0601888" C="0.0996518" G="0.802389" U="0.0377702"/>
      <pos A="0.669239" C="0.000439098" G="0.164451" U="0.165871"/>
      <pos A="0.840962" C="0.0152932" G="0.143051" U="0.00069337"/>
      <pos A="0.031541" C="0.0599135" G="0.886911" U="0.0216347"/>
      <pos A="0.18043" C="0.25018" G="0.0450952" U="0.524296"/>
    </motif>
    <motif id="3-AACAKKCC" alt="STREME-3" width="8" initial_width="12" seed="AACAGGCC" score_threshold="10.1515" train_pos_count="28" train_neg_count="1" train_log_pvalue="-7.56372" train_pvalue="2.7e-008" train_dtc="-1.0" train_bernoulli="-1" test_pos_count="3" test_neg_count="0" test_log_pvalue="-0.937852" test_pvalue="1.2e-001" test_dtc="-1.0" test_bernoulli="-1" is_palindromic="n/a" elapsed_time="3.0">
      <pos A="0.996598" C="0.000964208" G="0.000915448" U="0.00152256"/>
      <pos A="0.67004" C="0.000964208" G="0.262238" U="0.0667585"/>
      <pos A="0.00137771" C="0.996184" G="0.000915448" U="0.00152256"/>
      <pos A="0.996598" C="0.000964208" G="0.000915448" U="0.00152256"/>
      <pos A="0.164464" C="0.0335822" G="0.407486" U="0.394467"/>
      <pos A="0.00137771" C="0.000964208" G="0.589565" U="0.408093"/>
      <pos A="0.276836" C="0.720726" G="0.000915448" U="0.00152256"/>
      <pos A="0.00137771" C="0.996184" G="0.000915448" U="0.00152256"/>
    </motif>
    <motif id="4-GUCUAAUAC" alt="STREME-4" width="9" initial_width="7" seed="GUCUAAUAC" score_threshold="7.90009" train_pos_count="36" train_neg_count="2" train_log_pvalue="-9.12755" train_pvalue="7.5e-010" train_dtc="-1.0" train_bernoulli="-1" test_pos_count="1" test_neg_count="1" test_log_pvalue="-0.121243" test_pvalue="7.6e-001" test_dtc="-1.0" test_bernoulli="-1" is_palindromic="n/a" elapsed_time="2.1">
      <pos A="0.00127039" C="0.06116" G="0.936166" U="0.00140395"/>
      <pos A="0.152124" C="0.000889093" G="0.000844132" U="0.846143"/>
      <pos A="0.00127039" C="0.906134" G="0.0309211" U="0.0616749"/>
      <pos A="0.0918533" C="0.06116" G="0.000844132" U="0.846143"/>
      <pos A="0.875849" C="0.000889093" G="0.000844132" U="0.122418"/>
      <pos A="0.816049" C="0.000889093" G="0.0309211" U="0.152141"/>
      <pos A="0.151889" C="0.000889093" G="0.000844132" U="0.846378"/>
      <pos A="0.664841" C="0.030966" G="0.000844132" U="0.303348"/>
      <pos A="0.0313473" C="0.724968" G="0.091427" U="0.152258"/>
    </motif>
  </motifs>
  <reason_for_stopping>Stopped because 3 consecutive motifs exceeded the p-value threshold (0.05).</reason_for_stopping>
  <run_time cpu="4.02"/>
</STREME>
