<STREME version="5.2.0" release="Wed Oct 14 12:02:54 2020 -0700">
  <model>
    <command_line>streme -oc streme28 --rna --p Positive_sequence.txt --n Negative_sequence.txt</command_line>
    <train_positives count="261" positions="26621" file="Positive_sequence.txt"/>
    <train_negatives count="207" positions="21113" from="file" file="Negative_sequence.txt"/>
    <test_positives count="29" positions="2957"/>
    <test_negatives count="22" positions="2243"/>
    <sequence_db/>
    <alphabet name="RNA" like="rna">
      <letter id="A" symbol="A" name="Adenine" colour="CC0000"/>
      <letter id="C" symbol="C" name="Cytosine" colour="0000CC"/>
      <letter id="G" symbol="G" name="Guanine" colour="FFB300"/>
      <letter id="U" symbol="U" aliases="T" name="Uracil" colour="008000"/>
      <letter id="N" symbol="N" aliases="X." equals="ACGU" name="Any base"/>
      <letter id="V" symbol="V" equals="ACG" name="Not U"/>
      <letter id="H" symbol="H" equals="ACU" name="Not G"/>
      <letter id="D" symbol="D" equals="AGU" name="Not C"/>
      <letter id="B" symbol="B" equals="CGU" name="Not A"/>
      <letter id="M" symbol="M" equals="AC" name="Amino"/>
      <letter id="R" symbol="R" equals="AG" name="Purine"/>
      <letter id="W" symbol="W" equals="AU" name="Weak"/>
      <letter id="S" symbol="S" equals="CG" name="Strong"/>
      <letter id="Y" symbol="Y" equals="CU" name="Pyrimidine"/>
      <letter id="K" symbol="K" equals="GU" name="Keto"/>
    </alphabet>
    <strands>none</strands>
    <background A="0.293" C="0.198" G="0.197" U="0.311" from="dataset"/>
    <stop pvt="0.05"/>
    <objfun>Differential Enrichment</objfun>
    <test>Fisher Exact Test</test>
    <minw>8</minw>
    <maxw>15</maxw>
    <kmer>3</kmer>
    <hofract>0.1</hofract>
    <neval>25</neval>
    <nref>4</nref>
    <niter>20</niter>
    <patience>3</patience>
    <seed>0</seed>
    <useer>no</useer>
    <minscore>0</minscore>
    <ignore_depth>5</ignore_depth>
    <nsubsets>1</nsubsets>
    <min_pal_ratio>0.85</min_pal_ratio>
    <max_pal_ed>5</max_pal_ed>
    <cand>no</cand>
    <experimental>no</experimental>
    <totallength>0</totallength>
    <host>DESKTOP-HL7FMNH</host>
  </model>
  <motifs>
    <motif id="1-RSCAGAKGGVHBNN" alt="STREME-1" width="14" initial_width="11" seed="ACCAGAUGGCUGUC" score_threshold="5.11681" train_pos_count="153" train_neg_count="33" train_log_pvalue="-21.1973" train_pvalue="6.3e-022" train_dtc="-1.0" train_bernoulli="-1" test_pos_count="12" test_neg_count="6" test_log_pvalue="-0.641965" test_pvalue="2.3e-001" test_dtc="-1.0" test_bernoulli="-1" is_palindromic="n/a" elapsed_time="0.7">
      <pos A="0.523865" C="0.00023377" G="0.26889" U="0.207011"/>
      <pos A="0.0692476" C="0.296424" G="0.537527" U="0.0968011"/>
      <pos A="0.227655" C="0.523773" G="0.248206" U="0.000367167"/>
      <pos A="0.627207" C="0.12422" G="0.0966664" U="0.151906"/>
      <pos A="0.165682" C="0.0346745" G="0.799277" U="0.000367167"/>
      <pos A="0.716753" C="0.282648" G="0.000232472" U="0.000367167"/>
      <pos A="0.00723431" C="0.00023377" G="0.509995" U="0.482537"/>
      <pos A="0.089892" C="0.00023377" G="0.661534" U="0.24834"/>
      <pos A="0.089892" C="0.193102" G="0.503087" U="0.21392"/>
      <pos A="0.310333" C="0.351529" G="0.310219" U="0.0279197"/>
      <pos A="0.461852" C="0.234451" G="0.000232472" U="0.303465"/>
      <pos A="0.0692276" C="0.248227" G="0.330883" U="0.351662"/>
      <pos A="0.20699" C="0.186214" G="0.351548" U="0.255248"/>
      <pos A="0.17255" C="0.275759" G="0.275778" U="0.275913"/>
    </motif>
    <motif id="2-UUUCCAGCCY" alt="STREME-2" width="10" initial_width="10" seed="UUUCCAGCCU" score_threshold="6.16386" train_pos_count="72" train_neg_count="14" train_log_pvalue="-8.7558" train_pvalue="1.8e-009" train_dtc="-1.0" train_bernoulli="-1" test_pos_count="3" test_neg_count="3" test_log_pvalue="-0.103173" test_pvalue="7.9e-001" test_dtc="-1.0" test_bernoulli="-1" is_palindromic="n/a" elapsed_time="1.5">
      <pos A="0.11735" C="0.0394499" G="0.0588421" U="0.784358"/>
      <pos A="0.0203706" C="0.175277" G="0.0588421" U="0.74551"/>
      <pos A="0.000974762" C="0.18243" G="0.000654602" U="0.815941"/>
      <pos A="0.000974762" C="0.977941" G="0.000654602" U="0.0204297"/>
      <pos A="0.318574" C="0.679738" G="0.000654602" U="0.00103388"/>
      <pos A="0.680111" C="0.18243" G="0.000654602" U="0.136805"/>
      <pos A="0.0203706" C="0.0976373" G="0.861562" U="0.0204297"/>
      <pos A="0.156198" C="0.589912" G="0.252857" U="0.00103388"/>
      <pos A="0.202199" C="0.543967" G="0.0782379" U="0.175596"/>
      <pos A="0.078558" C="0.408027" G="0.0976337" U="0.415781"/>
    </motif>
    <motif id="3-AAAAGAAGAU" alt="STREME-3" width="10" initial_width="9" seed="AAAAGAAGAU" score_threshold="9.16406" train_pos_count="26" train_neg_count="0" train_log_pvalue="-6.84583" train_pvalue="1.4e-007" train_dtc="-1.0" train_bernoulli="-1" test_pos_count="0" test_neg_count="0" test_log_pvalue="0" test_pvalue="1.0e+000" test_dtc="-1.0" test_bernoulli="-1" is_palindromic="n/a" elapsed_time="2.2">
      <pos A="0.757727" C="0.0308123" G="0.0904084" U="0.121053"/>
      <pos A="0.817546" C="0.00101138" G="0.0904518" U="0.0909912"/>
      <pos A="0.906992" C="0.0308123" G="0.00100577" U="0.0611903"/>
      <pos A="0.787788" C="0.090414" G="0.0606075" U="0.0611903"/>
      <pos A="0.0611862" C="0.0418889" G="0.865535" U="0.0313894"/>
      <pos A="0.936793" C="0.00101138" G="0.0308067" U="0.0313894"/>
      <pos A="0.966593" C="0.00101138" G="0.00100577" U="0.0313894"/>
      <pos A="0.150763" C="0.0308123" G="0.727434" U="0.0909912"/>
      <pos A="0.787788" C="0.090414" G="0.0606075" U="0.0611903"/>
      <pos A="0.10202" C="0.269306" G="0.0308067" U="0.597867"/>
    </motif>
  </motifs>
  <reason_for_stopping>Stopped because 3 consecutive motifs exceeded the p-value threshold (0.05).</reason_for_stopping>
  <run_time cpu="2.22"/>
</STREME>
