<STREME version="5.2.0" release="Wed Oct 14 12:02:54 2020 -0700">
  <model>
    <command_line>streme -oc streme31 --rna --p Positive_sequence.txt --n Negative_sequence.txt</command_line>
    <train_positives count="312" positions="31823" file="Positive_sequence.txt"/>
    <train_negatives count="319" positions="32537" from="file" file="Negative_sequence.txt"/>
    <test_positives count="34" positions="3467"/>
    <test_negatives count="35" positions="3569"/>
    <sequence_db/>
    <alphabet name="RNA" like="rna">
      <letter id="A" symbol="A" name="Adenine" colour="CC0000"/>
      <letter id="C" symbol="C" name="Cytosine" colour="0000CC"/>
      <letter id="G" symbol="G" name="Guanine" colour="FFB300"/>
      <letter id="U" symbol="U" aliases="T" name="Uracil" colour="008000"/>
      <letter id="N" symbol="N" aliases="X." equals="ACGU" name="Any base"/>
      <letter id="V" symbol="V" equals="ACG" name="Not U"/>
      <letter id="H" symbol="H" equals="ACU" name="Not G"/>
      <letter id="D" symbol="D" equals="AGU" name="Not C"/>
      <letter id="B" symbol="B" equals="CGU" name="Not A"/>
      <letter id="M" symbol="M" equals="AC" name="Amino"/>
      <letter id="R" symbol="R" equals="AG" name="Purine"/>
      <letter id="W" symbol="W" equals="AU" name="Weak"/>
      <letter id="S" symbol="S" equals="CG" name="Strong"/>
      <letter id="Y" symbol="Y" equals="CU" name="Pyrimidine"/>
      <letter id="K" symbol="K" equals="GU" name="Keto"/>
    </alphabet>
    <strands>none</strands>
    <background A="0.298" C="0.193" G="0.195" U="0.314" from="dataset"/>
    <stop pvt="0.05"/>
    <objfun>Differential Enrichment</objfun>
    <test>Fisher Exact Test</test>
    <minw>8</minw>
    <maxw>15</maxw>
    <kmer>3</kmer>
    <hofract>0.1</hofract>
    <neval>25</neval>
    <nref>4</nref>
    <niter>20</niter>
    <patience>3</patience>
    <seed>0</seed>
    <useer>no</useer>
    <minscore>0</minscore>
    <ignore_depth>5</ignore_depth>
    <nsubsets>1</nsubsets>
    <min_pal_ratio>0.85</min_pal_ratio>
    <max_pal_ed>5</max_pal_ed>
    <cand>no</cand>
    <experimental>no</experimental>
    <totallength>0</totallength>
    <host>DESKTOP-HL7FMNH</host>
  </model>
  <motifs>
    <motif id="1-UGCACAUGA" alt="STREME-1" width="9" initial_width="7" seed="UGCACAUGA" score_threshold="6.99063" train_pos_count="79" train_neg_count="19" train_log_pvalue="-11.2534" train_pvalue="5.6e-012" train_dtc="-1.0" train_bernoulli="-1" test_pos_count="12" test_neg_count="4" test_log_pvalue="-1.72933" test_pvalue="1.9e-002" test_dtc="-1.0" test_bernoulli="-1" is_palindromic="n/a" elapsed_time="2.1">
      <pos A="0.0133778" C="0.116197" G="0.0131914" U="0.857234"/>
      <pos A="0.117651" C="0.0388577" G="0.786178" U="0.0573131"/>
      <pos A="0.0293016" C="0.828372" G="0.0903821" U="0.0519439"/>
      <pos A="0.91279" C="0.0388873" G="0.0220791" U="0.0262435"/>
      <pos A="0.0958484" C="0.826181" G="0.0260268" U="0.0519439"/>
      <pos A="0.705203" C="0.0956574" G="0.103188" U="0.0959519"/>
      <pos A="0.103344" C="0.038917" G="0.0847877" U="0.772951"/>
      <pos A="0.129253" C="0.0774669" G="0.638564" U="0.154716"/>
      <pos A="0.754551" C="0.0774825" G="0.128858" U="0.0391085"/>
    </motif>
    <motif id="2-CCCUGCUGWA" alt="STREME-2" width="10" initial_width="8" seed="CCCUGCUGAA" score_threshold="8.2316" train_pos_count="65" train_neg_count="7" train_log_pvalue="-14.0674" train_pvalue="8.6e-015" train_dtc="-1.0" train_bernoulli="-1" test_pos_count="4" test_neg_count="0" test_log_pvalue="-1.27047" test_pvalue="5.4e-002" test_dtc="-1.0" test_bernoulli="-1" is_palindromic="n/a" elapsed_time="0.7">
      <pos A="0.268742" C="0.730097" G="0.000444984" U="0.000715893"/>
      <pos A="0.1933" C="0.805539" G="0.000444984" U="0.000715893"/>
      <pos A="0.316879" C="0.665915" G="0.000444984" U="0.0167616"/>
      <pos A="0.000678071" C="0.000439288" G="0.000444984" U="0.998438"/>
      <pos A="0.000678071" C="0.000439288" G="0.982121" U="0.0167616"/>
      <pos A="0.0167238" C="0.79879" G="0.135596" U="0.0488899"/>
      <pos A="0.103738" C="0.000439288" G="0.000444984" U="0.895378"/>
      <pos A="0.177255" C="0.0436413" G="0.665957" U="0.113147"/>
      <pos A="0.323628" C="0.000439288" G="0.177207" U="0.498726"/>
      <pos A="0.645024" C="0.064659" G="0.177207" U="0.11311"/>
    </motif>
    <motif id="3-UUAACAGUMC" alt="STREME-3" width="10" initial_width="8" seed="UUAACAGUAC" score_threshold="7.88024" train_pos_count="35" train_neg_count="4" train_log_pvalue="-7.28028" train_pvalue="5.2e-008" train_dtc="-1.0" train_bernoulli="-1" test_pos_count="3" test_neg_count="0" test_log_pvalue="-0.94229" test_pvalue="1.1e-001" test_dtc="-1.0" test_bernoulli="-1" is_palindromic="n/a" elapsed_time="3.3">
      <pos A="0.00110666" C="0.000716949" G="0.0793497" U="0.918827"/>
      <pos A="0.053482" C="0.0793404" G="0.000726245" U="0.866451"/>
      <pos A="0.892577" C="0.000716949" G="0.0531016" U="0.0536041"/>
      <pos A="0.945013" C="0.000716949" G="0.000726245" U="0.0535438"/>
      <pos A="0.00110666" C="0.70845" G="0.053162" U="0.237281"/>
      <pos A="0.7089" C="0.000716949" G="0.000726245" U="0.289657"/>
      <pos A="0.053482" C="0.000716949" G="0.813573" U="0.132228"/>
      <pos A="0.105857" C="0.157964" G="0.0531016" U="0.683077"/>
      <pos A="0.394103" C="0.473003" G="0.0269139" U="0.10598"/>
      <pos A="0.0796697" C="0.813625" G="0.0793497" U="0.0273561"/>
    </motif>
    <motif id="4-CAAAUGUAAG" alt="STREME-4" width="10" initial_width="10" seed="CAAAUGUAAG" score_threshold="9.03584" train_pos_count="42" train_neg_count="1" train_log_pvalue="-12.1206" train_pvalue="7.6e-013" train_dtc="-1.0" train_bernoulli="-1" test_pos_count="3" test_neg_count="2" test_log_pvalue="-0.313365" test_pvalue="4.9e-001" test_dtc="-1.0" test_bernoulli="-1" is_palindromic="n/a" elapsed_time="1.4">
      <pos A="0.00110478" C="0.918514" G="0.000725009" U="0.079656"/>
      <pos A="0.97125" C="0.0268588" G="0.000725009" U="0.0011664"/>
      <pos A="0.97125" C="0.000715728" G="0.0268681" U="0.0011664"/>
      <pos A="0.840414" C="0.0792053" G="0.0792146" U="0.0011664"/>
      <pos A="0.132001" C="0.000715728" G="0.0530715" U="0.814211"/>
      <pos A="0.211526" C="0.000715728" G="0.760449" U="0.0273095"/>
      <pos A="0.0795944" C="0.131612" G="0.0793355" U="0.709458"/>
      <pos A="0.997393" C="0.000715728" G="0.000725009" U="0.0011664"/>
      <pos A="0.81421" C="0.0268588" G="0.105418" U="0.0535129"/>
      <pos A="0.00110478" C="0.0268588" G="0.655816" U="0.31622"/>
    </motif>
  </motifs>
  <reason_for_stopping>Stopped because 3 consecutive motifs exceeded the p-value threshold (0.05).</reason_for_stopping>
  <run_time cpu="3.89"/>
</STREME>
