<STREME version="5.2.0" release="Wed Oct 14 12:02:54 2020 -0700">
  <model>
    <command_line>streme -oc streme24 --rna --p Positive_sequence.txt --n Negative_sequence.txt</command_line>
    <train_positives count="1410" positions="143819" file="Positive_sequence.txt"/>
    <train_negatives count="4112" positions="419423" from="file" file="Negative_sequence.txt"/>
    <test_positives count="156" positions="15911"/>
    <test_negatives count="456" positions="46511"/>
    <sequence_db/>
    <alphabet name="RNA" like="rna">
      <letter id="A" symbol="A" name="Adenine" colour="CC0000"/>
      <letter id="C" symbol="C" name="Cytosine" colour="0000CC"/>
      <letter id="G" symbol="G" name="Guanine" colour="FFB300"/>
      <letter id="U" symbol="U" aliases="T" name="Uracil" colour="008000"/>
      <letter id="N" symbol="N" aliases="X." equals="ACGU" name="Any base"/>
      <letter id="V" symbol="V" equals="ACG" name="Not U"/>
      <letter id="H" symbol="H" equals="ACU" name="Not G"/>
      <letter id="D" symbol="D" equals="AGU" name="Not C"/>
      <letter id="B" symbol="B" equals="CGU" name="Not A"/>
      <letter id="M" symbol="M" equals="AC" name="Amino"/>
      <letter id="R" symbol="R" equals="AG" name="Purine"/>
      <letter id="W" symbol="W" equals="AU" name="Weak"/>
      <letter id="S" symbol="S" equals="CG" name="Strong"/>
      <letter id="Y" symbol="Y" equals="CU" name="Pyrimidine"/>
      <letter id="K" symbol="K" equals="GU" name="Keto"/>
    </alphabet>
    <strands>none</strands>
    <background A="0.303" C="0.194" G="0.195" U="0.308" from="dataset"/>
    <stop pvt="0.05"/>
    <objfun>Differential Enrichment</objfun>
    <test>Fisher Exact Test</test>
    <minw>8</minw>
    <maxw>15</maxw>
    <kmer>3</kmer>
    <hofract>0.1</hofract>
    <neval>25</neval>
    <nref>4</nref>
    <niter>20</niter>
    <patience>3</patience>
    <seed>0</seed>
    <useer>no</useer>
    <minscore>0</minscore>
    <ignore_depth>5</ignore_depth>
    <nsubsets>1</nsubsets>
    <min_pal_ratio>0.85</min_pal_ratio>
    <max_pal_ed>5</max_pal_ed>
    <cand>no</cand>
    <experimental>no</experimental>
    <totallength>0</totallength>
    <host>DESKTOP-HL7FMNH</host>
  </model>
  <motifs>
    <motif id="1-CCCCDGGGV" alt="STREME-1" width="9" initial_width="7" seed="CCCCAGGGA" score_threshold="6.44138" train_pos_count="530" train_neg_count="586" train_log_pvalue="-71.7293" train_pvalue="1.9e-072" train_dtc="-1.0" train_bernoulli="-1" test_pos_count="55" test_neg_count="68" test_log_pvalue="-6.87995" test_pvalue="1.3e-007" test_dtc="-1.0" test_bernoulli="-1" is_palindromic="n/a" elapsed_time="16.7">
      <pos A="0.125213" C="0.570135" G="0.274513" U="0.0301391"/>
      <pos A="0.0851751" C="0.604442" G="0.159548" U="0.150835"/>
      <pos A="0.0254078" C="0.746213" G="0.143207" U="0.0851722"/>
      <pos A="4.84922e-05" C="0.967999" G="0.0319029" U="4.93401e-05"/>
      <pos A="0.36158" C="0.00367028" G="0.266853" U="0.367897"/>
      <pos A="0.0379321" C="0.191623" G="0.719802" U="0.0506429"/>
      <pos A="0.0484077" C="0.0504969" G="0.780234" U="0.120862"/>
      <pos A="0.0462387" C="0.268486" G="0.684374" U="0.000901225"/>
      <pos A="0.232748" C="0.367226" G="0.32059" U="0.079436"/>
    </motif>
    <motif id="2-GGGGGCUG" alt="STREME-2" width="8" initial_width="6" seed="GGGGGCUG" score_threshold="6.58084" train_pos_count="383" train_neg_count="482" train_log_pvalue="-38.8343" train_pvalue="1.5e-039" train_dtc="-1.0" train_bernoulli="-1" test_pos_count="47" test_neg_count="55" test_log_pvalue="-6.26584" test_pvalue="5.4e-007" test_dtc="-1.0" test_bernoulli="-1" is_palindromic="n/a" elapsed_time="30.8">
      <pos A="0.155679" C="0.145582" G="0.585212" U="0.113527"/>
      <pos A="0.000109857" C="0.0198638" G="0.971706" U="0.00832071"/>
      <pos A="0.181067" C="0.129112" G="0.57215" U="0.117672"/>
      <pos A="0.122856" C="0.256694" G="0.526079" U="0.0943711"/>
      <pos A="0.129326" C="0.228671" G="0.633223" U="0.00877907"/>
      <pos A="0.0427986" C="0.950428" G="7.05316e-05" U="0.0067032"/>
      <pos A="0.214169" C="0.00501818" G="0.158982" U="0.621831"/>
      <pos A="0.000109857" C="0.103289" G="0.809149" U="0.087452"/>
    </motif>
    <motif id="3-CCCCUGSW" alt="STREME-3" width="8" initial_width="7" seed="CCCCUGCA" score_threshold="7.99133" train_pos_count="162" train_neg_count="190" train_log_pvalue="-17.2075" train_pvalue="6.2e-018" train_dtc="-1.0" train_bernoulli="-1" test_pos_count="23" test_neg_count="31" test_log_pvalue="-2.51533" test_pvalue="3.1e-003" test_dtc="-1.0" test_bernoulli="-1" is_palindromic="n/a" elapsed_time="62.0">
      <pos A="0.102961" C="0.594796" G="0.0909784" U="0.211265"/>
      <pos A="0.0699311" C="0.929559" G="0.000197378" U="0.000312802"/>
      <pos A="0.000307427" C="0.859514" G="0.0360907" U="0.104088"/>
      <pos A="0.000307427" C="0.935591" G="0.0637888" U="0.000312802"/>
      <pos A="0.109392" C="0.000196668" G="0.0609889" U="0.829423"/>
      <pos A="0.0089105" C="0.000196668" G="0.99058" U="0.000312802"/>
      <pos A="0.0724082" C="0.498384" G="0.368066" U="0.0611419"/>
      <pos A="0.548283" C="0.000196668" G="0.036096" U="0.415425"/>
    </motif>
    <motif id="4-GGAGAGGG" alt="STREME-4" width="8" initial_width="6" seed="GGAGAGGG" score_threshold="5.72405" train_pos_count="431" train_neg_count="765" train_log_pvalue="-19.488" train_pvalue="3.3e-020" train_dtc="-1.0" train_bernoulli="-1" test_pos_count="45" test_neg_count="84" test_log_pvalue="-2.31863" test_pvalue="4.8e-003" test_dtc="-1.0" test_bernoulli="-1" is_palindromic="n/a" elapsed_time="51.8">
      <pos A="0.00163248" C="0.263675" G="0.631844" U="0.102848"/>
      <pos A="0.0710843" C="0.164021" G="0.740158" U="0.0247371"/>
      <pos A="0.730027" C="0.0481795" G="0.0506661" U="0.171128"/>
      <pos A="0.15015" C="0.0678338" G="0.754956" U="0.0270597"/>
      <pos A="0.853325" C="0.0506108" G="0.0389184" U="0.0571459"/>
      <pos A="0.055487" C="0.0872171" G="0.742203" U="0.115093"/>
      <pos A="0.136998" C="0.0423711" G="0.751877" U="0.0687532"/>
      <pos A="0.210663" C="0.119034" G="0.504155" U="0.166148"/>
    </motif>
    <motif id="5-CCCCGCCC" alt="STREME-5" width="8" initial_width="7" seed="CCCCGCCC" score_threshold="7.11752" train_pos_count="254" train_neg_count="298" train_log_pvalue="-27.5813" train_pvalue="2.6e-028" train_dtc="-1.0" train_bernoulli="-1" test_pos_count="22" test_neg_count="37" test_log_pvalue="-1.62168" test_pvalue="2.4e-002" test_dtc="-1.0" test_bernoulli="-1" is_palindromic="n/a" elapsed_time="42.5">
      <pos A="0.0380151" C="0.722644" G="0.211142" U="0.0281989"/>
      <pos A="0.151907" C="0.760704" G="0.0377459" U="0.0496424"/>
      <pos A="0.026164" C="0.64599" G="0.0804724" U="0.247373"/>
      <pos A="0.135406" C="0.798434" G="0.00661048" U="0.05955"/>
      <pos A="0.186459" C="9.25727e-05" G="0.565886" U="0.247562"/>
      <pos A="0.116353" C="0.74662" G="0.10876" U="0.028267"/>
      <pos A="0.041841" C="0.842145" G="9.29069e-05" U="0.115921"/>
      <pos A="0.121238" C="0.666098" G="9.29069e-05" U="0.212571"/>
    </motif>
    <motif id="6-CUCCCUCC" alt="STREME-6" width="8" initial_width="7" seed="CUCCCUCC" score_threshold="9.90932" train_pos_count="65" train_neg_count="70" train_log_pvalue="-8.06955" train_pvalue="8.5e-009" train_dtc="-1.0" train_bernoulli="-1" test_pos_count="7" test_neg_count="7" test_log_pvalue="-1.39363" test_pvalue="4.0e-002" test_dtc="-1.0" test_bernoulli="-1" is_palindromic="n/a" elapsed_time="71.4">
      <pos A="0.0283658" C="0.899967" G="0.0338111" U="0.0378557"/>
      <pos A="0.091797" C="0.000431256" G="0.000432813" U="0.907339"/>
      <pos A="0.0216722" C="0.793824" G="0.0268669" U="0.157637"/>
      <pos A="0.032231" C="0.802963" G="0.109538" U="0.0552684"/>
      <pos A="0.011511" C="0.749788" G="0.13177" U="0.106931"/>
      <pos A="0.00115598" C="0.0220418" G="0.0611696" U="0.915633"/>
      <pos A="0.0125169" C="0.886399" G="0.0220434" U="0.0790409"/>
      <pos A="0.022922" C="0.848344" G="0.0307953" U="0.0979385"/>
    </motif>
    <motif id="7-AGGGCUYCUCAG" alt="STREME-7" width="12" initial_width="5" seed="AGGGCUCCUCAG" score_threshold="10.648" train_pos_count="31" train_neg_count="6" train_log_pvalue="-12.8466" train_pvalue="1.4e-013" train_dtc="-1.0" train_bernoulli="-1" test_pos_count="3" test_neg_count="1" test_log_pvalue="-1.27576" test_pvalue="5.3e-002" test_dtc="-1.0" test_bernoulli="-1" is_palindromic="n/a" elapsed_time="91.6">
      <pos A="0.998457" C="0.000429443" G="0.000430993" U="0.000683033"/>
      <pos A="0.18208" C="0.000429443" G="0.816807" U="0.000683033"/>
      <pos A="0.061141" C="0.000429443" G="0.847042" U="0.0913876"/>
      <pos A="0.000671295" C="0.000429443" G="0.967981" U="0.0309179"/>
      <pos A="0.212327" C="0.66562" G="0.0306658" U="0.0913876"/>
      <pos A="0.000671295" C="0.181862" G="0.000430993" U="0.817036"/>
      <pos A="0.0309061" C="0.453964" G="0.12137" U="0.39376"/>
      <pos A="0.151846" C="0.726089" G="0.0911473" U="0.0309179"/>
      <pos A="0.0309061" C="0.091134" G="0.0911356" U="0.786824"/>
      <pos A="0.061141" C="0.756336" G="0.151605" U="0.0309179"/>
      <pos A="0.726331" C="0.0306643" G="0.000430993" U="0.242574"/>
      <pos A="0.0913876" C="0.0306643" G="0.635386" U="0.242562"/>
    </motif>
    <motif id="8-GGGKUGWC" alt="STREME-8" width="8" initial_width="8" seed="GGGGUGUC" score_threshold="8.96642" train_pos_count="77" train_neg_count="62" train_log_pvalue="-13.495" train_pvalue="3.2e-014" train_dtc="-1.0" train_bernoulli="-1" test_pos_count="5" test_neg_count="9" test_log_pvalue="-0.566574" test_pvalue="2.7e-001" test_dtc="-1.0" test_bernoulli="-1" is_palindromic="n/a" elapsed_time="81.9">
      <pos A="0.0576534" C="0.000239956" G="0.941725" U="0.000381653"/>
      <pos A="0.0845601" C="0.192327" G="0.701363" U="0.0217501"/>
      <pos A="0.142736" C="0.000239956" G="0.842092" U="0.0149322"/>
      <pos A="0.0510964" C="0.000239956" G="0.616036" U="0.332628"/>
      <pos A="0.0623186" C="0.000239956" G="0.000240823" U="0.937201"/>
      <pos A="0.000375094" C="0.0102455" G="0.988998" U="0.000381653"/>
      <pos A="0.45358" C="0.135465" G="0.000240823" U="0.410715"/>
      <pos A="0.0341633" C="0.752717" G="0.167501" U="0.0456179"/>
    </motif>
    <motif id="9-UUCCCUUUCU" alt="STREME-9" width="10" initial_width="9" seed="UUCCCUUUCU" score_threshold="13.1152" train_pos_count="18" train_neg_count="3" train_log_pvalue="-7.93979" train_pvalue="1.1e-008" train_dtc="-1.0" train_bernoulli="-1" test_pos_count="1" test_neg_count="1" test_log_pvalue="-0.351504" test_pvalue="4.5e-001" test_dtc="-1.0" test_bernoulli="-1" is_palindromic="n/a" elapsed_time="101.1">
      <pos A="0.0611262" C="0.000849351" G="0.0606509" U="0.877374"/>
      <pos A="0.0611262" C="0.000849351" G="0.000852418" U="0.937172"/>
      <pos A="0.0611262" C="0.936671" G="0.000852418" U="0.0013509"/>
      <pos A="0.00132769" C="0.996469" G="0.000852418" U="0.0013509"/>
      <pos A="0.00132769" C="0.996469" G="0.000852418" U="0.0013509"/>
      <pos A="0.0367435" C="0.0580847" G="0.0606509" U="0.844521"/>
      <pos A="0.00132769" C="0.000849351" G="0.120473" U="0.87735"/>
      <pos A="0.00132769" C="0.0580847" G="0.000852418" U="0.939735"/>
      <pos A="0.00132769" C="0.996469" G="0.000852418" U="0.0013509"/>
      <pos A="0.180793" C="0.128885" G="0.000852418" U="0.68947"/>
    </motif>
  </motifs>
  <reason_for_stopping>Stopped because 3 consecutive motifs exceeded the p-value threshold (0.05).</reason_for_stopping>
  <run_time cpu="101.34"/>
</STREME>
