<STREME version="5.2.0" release="Wed Oct 14 12:02:54 2020 -0700">
  <model>
    <command_line>streme -oc streme8 --rna --p Positive_sequence.txt --n Negative_sequence.txt</command_line>
    <train_positives count="140" positions="14279" file="Positive_sequence.txt"/>
    <train_negatives count="256" positions="26111" from="file" file="Negative_sequence.txt"/>
    <test_positives count="15" positions="1529"/>
    <test_negatives count="28" positions="2855"/>
    <sequence_db/>
    <alphabet name="RNA" like="rna">
      <letter id="A" symbol="A" name="Adenine" colour="CC0000"/>
      <letter id="C" symbol="C" name="Cytosine" colour="0000CC"/>
      <letter id="G" symbol="G" name="Guanine" colour="FFB300"/>
      <letter id="U" symbol="U" aliases="T" name="Uracil" colour="008000"/>
      <letter id="N" symbol="N" aliases="X." equals="ACGU" name="Any base"/>
      <letter id="V" symbol="V" equals="ACG" name="Not U"/>
      <letter id="H" symbol="H" equals="ACU" name="Not G"/>
      <letter id="D" symbol="D" equals="AGU" name="Not C"/>
      <letter id="B" symbol="B" equals="CGU" name="Not A"/>
      <letter id="M" symbol="M" equals="AC" name="Amino"/>
      <letter id="R" symbol="R" equals="AG" name="Purine"/>
      <letter id="W" symbol="W" equals="AU" name="Weak"/>
      <letter id="S" symbol="S" equals="CG" name="Strong"/>
      <letter id="Y" symbol="Y" equals="CU" name="Pyrimidine"/>
      <letter id="K" symbol="K" equals="GU" name="Keto"/>
    </alphabet>
    <strands>none</strands>
    <background A="0.277" C="0.224" G="0.21" U="0.289" from="dataset"/>
    <stop pvt="0.05"/>
    <objfun>Differential Enrichment</objfun>
    <test>Fisher Exact Test</test>
    <minw>8</minw>
    <maxw>15</maxw>
    <kmer>3</kmer>
    <hofract>0.1</hofract>
    <neval>25</neval>
    <nref>4</nref>
    <niter>20</niter>
    <patience>3</patience>
    <seed>0</seed>
    <useer>no</useer>
    <minscore>0</minscore>
    <ignore_depth>5</ignore_depth>
    <nsubsets>1</nsubsets>
    <min_pal_ratio>0.85</min_pal_ratio>
    <max_pal_ed>5</max_pal_ed>
    <cand>no</cand>
    <experimental>no</experimental>
    <totallength>0</totallength>
    <host>DESKTOP-HL7FMNH</host>
  </model>
  <motifs>
    <motif id="1-AUUDCUAWW" alt="STREME-1" width="9" initial_width="7" seed="AUUGCUAUA" score_threshold="5.66202" train_pos_count="86" train_neg_count="61" train_log_pvalue="-12.7679" train_pvalue="1.7e-013" train_dtc="-1.0" train_bernoulli="-1" test_pos_count="10" test_neg_count="4" test_log_pvalue="-3.07378" test_pvalue="8.4e-004" test_dtc="-1.0" test_bernoulli="-1" is_palindromic="n/a" elapsed_time="0.8">
      <pos A="0.74057" C="0.0785858" G="0.0122565" U="0.168587"/>
      <pos A="0.154408" C="0.0122732" G="0.000242187" U="0.833077"/>
      <pos A="0.193071" C="0.0844124" G="0.0363118" U="0.686205"/>
      <pos A="0.37295" C="0.000258941" G="0.403583" U="0.223207"/>
      <pos A="0.0906884" C="0.860678" G="0.000242187" U="0.048391"/>
      <pos A="0.0368315" C="0.000258941" G="0.000242187" U="0.962667"/>
      <pos A="0.746758" C="0.0243411" G="0.0122565" U="0.216644"/>
      <pos A="0.40981" C="0.180941" G="0.120439" U="0.28881"/>
      <pos A="0.472448" C="0.0822339" G="0.132453" U="0.312866"/>
    </motif>
    <motif id="2-AUAAUGGGWA" alt="STREME-2" width="10" initial_width="7" seed="AUAAUGGGAA" score_threshold="8.85605" train_pos_count="20" train_neg_count="3" train_log_pvalue="-6.66301" train_pvalue="2.2e-007" train_dtc="-1.0" train_bernoulli="-1" test_pos_count="3" test_neg_count="0" test_log_pvalue="-1.43334" test_pvalue="3.7e-002" test_dtc="-1.0" test_bernoulli="-1" is_palindromic="n/a" elapsed_time="2.8">
      <pos A="0.762088" C="0.00126002" G="0.0596406" U="0.177011"/>
      <pos A="0.00155914" C="0.0597221" G="0.00117849" U="0.93754"/>
      <pos A="0.820289" C="0.118445" G="0.00117849" U="0.060087"/>
      <pos A="0.703365" C="0.00126002" G="0.0596406" U="0.235734"/>
      <pos A="0.118483" C="0.00126002" G="0.00117849" U="0.879078"/>
      <pos A="0.0600212" C="0.00126002" G="0.937094" U="0.00162493"/>
      <pos A="0.235408" C="0.00126002" G="0.703245" U="0.060087"/>
      <pos A="0.177206" C="0.176646" G="0.644522" U="0.00162493"/>
      <pos A="0.527979" C="0.0597221" G="0.0596406" U="0.352658"/>
      <pos A="0.937474" C="0.00126002" G="0.0596406" U="0.00162493"/>
    </motif>
    <motif id="3-AAGCAUUC" alt="STREME-3" width="8" initial_width="8" seed="AAGCAUUC" score_threshold="7.33419" train_pos_count="27" train_neg_count="7" train_log_pvalue="-7.30433" train_pvalue="5.0e-008" train_dtc="-1.0" train_bernoulli="-1" test_pos_count="3" test_neg_count="3" test_log_pvalue="-0.463761" test_pvalue="3.4e-001" test_dtc="-1.0" test_bernoulli="-1" is_palindromic="n/a" elapsed_time="4.3">
      <pos A="0.817303" C="0.000776727" G="0.000726471" U="0.181193"/>
      <pos A="0.997495" C="0.000776727" G="0.000726471" U="0.00100167"/>
      <pos A="0.047862" C="0.0728534" G="0.770168" U="0.109117"/>
      <pos A="0.10956" C="0.744558" G="0.0367648" U="0.109117"/>
      <pos A="0.88938" C="0.000776727" G="0.0367648" U="0.0730784"/>
      <pos A="0.0369995" C="0.109053" G="0.0367648" U="0.817183"/>
      <pos A="0.145275" C="0.0368151" G="0.181402" U="0.636507"/>
      <pos A="0.0731986" C="0.914211" G="0.000726471" U="0.0118642"/>
    </motif>
    <motif id="4-AAACWWUAAW" alt="STREME-4" width="10" initial_width="6" seed="AAACUAUAAA" score_threshold="7.25469" train_pos_count="48" train_neg_count="13" train_log_pvalue="-13.2722" train_pvalue="5.3e-014" train_dtc="-1.0" train_bernoulli="-1" test_pos_count="2" test_neg_count="2" test_log_pvalue="-0.360608" test_pvalue="4.4e-001" test_dtc="-1.0" test_bernoulli="-1" is_palindromic="n/a" elapsed_time="2.0">
      <pos A="0.739354" C="0.000413261" G="0.144653" U="0.115579"/>
      <pos A="0.681831" C="0.000413261" G="0.0195609" U="0.298195"/>
      <pos A="0.749315" C="0.115459" G="0.0770839" U="0.0581416"/>
      <pos A="0.000511367" C="0.864263" G="0.000386522" U="0.134839"/>
      <pos A="0.442354" C="0.000413261" G="0.000386522" U="0.556846"/>
      <pos A="0.500049" C="0.000413261" G="0.19213" U="0.307408"/>
      <pos A="0.000511367" C="0.172982" G="0.000386522" U="0.82612"/>
      <pos A="0.643397" C="0.000413261" G="0.0579096" U="0.29828"/>
      <pos A="0.701006" C="0.0487228" G="0.192216" U="0.058056"/>
      <pos A="0.470828" C="0.0487228" G="0.0387352" U="0.441714"/>
    </motif>
    <motif id="5-AGUGUUGA" alt="STREME-5" width="8" initial_width="8" seed="AGUGUUGA" score_threshold="7.38722" train_pos_count="35" train_neg_count="10" train_log_pvalue="-9.10983" train_pvalue="7.8e-010" train_dtc="-1.0" train_bernoulli="-1" test_pos_count="1" test_neg_count="2" test_log_pvalue="-0.133983" test_pvalue="7.3e-001" test_dtc="-1.0" test_bernoulli="-1" is_palindromic="n/a" elapsed_time="3.5">
      <pos A="0.831302" C="0.000593918" G="0.139782" U="0.0283223"/>
      <pos A="0.16764" C="0.0149091" G="0.816685" U="0.000765918"/>
      <pos A="0.00073491" C="0.000593918" G="0.0844216" U="0.91425"/>
      <pos A="0.125646" C="0.0557067" G="0.817882" U="0.000765918"/>
      <pos A="0.0558477" C="0.0558297" G="0.0281119" U="0.860211"/>
      <pos A="0.0701629" C="0.000593918" G="0.000555489" U="0.928688"/>
      <pos A="0.166073" C="0.000593918" G="0.638352" U="0.194981"/>
      <pos A="0.652477" C="0.20805" G="0.0556683" U="0.0838052"/>
    </motif>
  </motifs>
  <reason_for_stopping>Stopped because 3 consecutive motifs exceeded the p-value threshold (0.05).</reason_for_stopping>
  <run_time cpu="4.94"/>
</STREME>
