<STREME version="5.2.0" release="Wed Oct 14 12:02:54 2020 -0700">
  <model>
    <command_line>streme -oc streme6 --rna --p Positive_sequence.txt --n Negative_sequence.txt</command_line>
    <train_positives count="195" positions="19889" file="Positive_sequence.txt"/>
    <train_negatives count="175" positions="17849" from="file" file="Negative_sequence.txt"/>
    <test_positives count="21" positions="2141"/>
    <test_negatives count="19" positions="1937"/>
    <sequence_db/>
    <alphabet name="RNA" like="rna">
      <letter id="A" symbol="A" name="Adenine" colour="CC0000"/>
      <letter id="C" symbol="C" name="Cytosine" colour="0000CC"/>
      <letter id="G" symbol="G" name="Guanine" colour="FFB300"/>
      <letter id="U" symbol="U" aliases="T" name="Uracil" colour="008000"/>
      <letter id="N" symbol="N" aliases="X." equals="ACGU" name="Any base"/>
      <letter id="V" symbol="V" equals="ACG" name="Not U"/>
      <letter id="H" symbol="H" equals="ACU" name="Not G"/>
      <letter id="D" symbol="D" equals="AGU" name="Not C"/>
      <letter id="B" symbol="B" equals="CGU" name="Not A"/>
      <letter id="M" symbol="M" equals="AC" name="Amino"/>
      <letter id="R" symbol="R" equals="AG" name="Purine"/>
      <letter id="W" symbol="W" equals="AU" name="Weak"/>
      <letter id="S" symbol="S" equals="CG" name="Strong"/>
      <letter id="Y" symbol="Y" equals="CU" name="Pyrimidine"/>
      <letter id="K" symbol="K" equals="GU" name="Keto"/>
    </alphabet>
    <strands>none</strands>
    <background A="0.311" C="0.198" G="0.191" U="0.3" from="dataset"/>
    <stop pvt="0.05"/>
    <objfun>Differential Enrichment</objfun>
    <test>Fisher Exact Test</test>
    <minw>8</minw>
    <maxw>15</maxw>
    <kmer>3</kmer>
    <hofract>0.1</hofract>
    <neval>25</neval>
    <nref>4</nref>
    <niter>20</niter>
    <patience>3</patience>
    <seed>0</seed>
    <useer>no</useer>
    <minscore>0</minscore>
    <ignore_depth>5</ignore_depth>
    <nsubsets>1</nsubsets>
    <min_pal_ratio>0.85</min_pal_ratio>
    <max_pal_ed>5</max_pal_ed>
    <cand>no</cand>
    <experimental>no</experimental>
    <totallength>0</totallength>
    <host>DESKTOP-HL7FMNH</host>
  </model>
  <motifs>
    <motif id="1-GGAAGGGR" alt="STREME-1" width="8" initial_width="3" seed="GGAAGGGA" score_threshold="7.94157" train_pos_count="56" train_neg_count="6" train_log_pvalue="-11.1962" train_pvalue="6.4e-012" train_dtc="-1.0" train_bernoulli="-1" test_pos_count="8" test_neg_count="0" test_log_pvalue="-2.57741" test_pvalue="2.6e-003" test_dtc="-1.0" test_bernoulli="-1" is_palindromic="n/a" elapsed_time="0.5">
      <pos A="0.000944804" C="0.0395532" G="0.958592" U="0.000910509"/>
      <pos A="0.000944804" C="0.000600329" G="0.997544" U="0.000910509"/>
      <pos A="0.581272" C="0.176634" G="0.0776388" U="0.164455"/>
      <pos A="0.861612" C="0.0589926" G="0.000579387" U="0.0788162"/>
      <pos A="0.157204" C="0.000600329" G="0.821846" U="0.02035"/>
      <pos A="0.000944804" C="0.0395532" G="0.900051" U="0.0594512"/>
      <pos A="0.000944804" C="0.000600329" G="0.677442" U="0.321013"/>
      <pos A="0.580574" C="0.000600329" G="0.34001" U="0.0788162"/>
    </motif>
    <motif id="2-GGGUCUUC" alt="STREME-2" width="8" initial_width="7" seed="GGGUCUUC" score_threshold="7.06609" train_pos_count="61" train_neg_count="5" train_log_pvalue="-13.5369" train_pvalue="2.9e-014" train_dtc="-1.0" train_bernoulli="-1" test_pos_count="7" test_neg_count="0" test_log_pvalue="-2.20502" test_pvalue="6.2e-003" test_dtc="-1.0" test_bernoulli="-1" is_palindromic="n/a" elapsed_time="1.4">
      <pos A="0.154002" C="0.0156279" G="0.778179" U="0.0521908"/>
      <pos A="0.0819" C="0.0156279" G="0.810398" U="0.0920736"/>
      <pos A="0.143493" C="0.000468162" G="0.824951" U="0.0310873"/>
      <pos A="0.0462737" C="0.0461499" G="0.0915254" U="0.816051"/>
      <pos A="0.122246" C="0.809895" G="0.0459886" U="0.0218713"/>
      <pos A="0.0462448" C="0.097659" G="0.0308289" U="0.825267"/>
      <pos A="0.0311139" C="0.00644091" G="0.143557" U="0.818888"/>
      <pos A="0.279757" C="0.627513" G="0.0156404" U="0.0770895"/>
    </motif>
    <motif id="3-RCAAAUAUA" alt="STREME-3" width="9" initial_width="10" seed="ACAAAUAUA" score_threshold="10.481" train_pos_count="37" train_neg_count="1" train_log_pvalue="-9.75843" train_pvalue="1.7e-010" train_dtc="-1.0" train_bernoulli="-1" test_pos_count="5" test_neg_count="0" test_log_pvalue="-1.50969" test_pvalue="3.1e-002" test_dtc="-1.0" test_bernoulli="-1" is_palindromic="n/a" elapsed_time="1.9">
      <pos A="0.559679" C="0.000641784" G="0.3555" U="0.0841798"/>
      <pos A="0.00101005" C="0.976615" G="0.000619396" U="0.0217552"/>
      <pos A="0.76853" C="0.000641784" G="0.188291" U="0.0425371"/>
      <pos A="0.88551" C="0.000641784" G="0.0839048" U="0.029943"/>
      <pos A="0.727473" C="0.0422055" G="0.000619396" U="0.229702"/>
      <pos A="0.00101005" C="0.000641784" G="0.000619396" U="0.997729"/>
      <pos A="0.894524" C="0.000641784" G="0.000619396" U="0.104215"/>
      <pos A="0.134445" C="0.209816" G="0.000619396" U="0.65512"/>
      <pos A="0.705707" C="0.000641784" G="0.292678" U="0.000973384"/>
    </motif>
    <motif id="4-UGAWCAGYAS" alt="STREME-4" width="10" initial_width="8" seed="UGAUCAGCAG" score_threshold="8.70555" train_pos_count="49" train_neg_count="3" train_log_pvalue="-11.4806" train_pvalue="3.3e-012" train_dtc="-1.0" train_bernoulli="-1" test_pos_count="5" test_neg_count="1" test_log_pvalue="-0.939813" test_pvalue="1.1e-001" test_dtc="-1.0" test_bernoulli="-1" is_palindromic="n/a" elapsed_time="0.9">
      <pos A="0.00091135" C="0.000579072" G="0.113137" U="0.885373"/>
      <pos A="0.245466" C="0.000579072" G="0.583309" U="0.170646"/>
      <pos A="0.82901" C="0.000579072" G="0.169533" U="0.000878268"/>
      <pos A="0.415412" C="0.000579072" G="0.000558871" U="0.58345"/>
      <pos A="0.264431" C="0.60266" G="0.000558871" U="0.13235"/>
      <pos A="0.979233" C="0.000579072" G="0.000558871" U="0.0196294"/>
      <pos A="0.00091135" C="0.000579072" G="0.92252" U="0.0759897"/>
      <pos A="0.00091135" C="0.658837" G="0.000558871" U="0.339692"/>
      <pos A="0.753033" C="0.189277" G="0.000558871" U="0.0571317"/>
      <pos A="0.188815" C="0.414683" G="0.395624" U="0.000878268"/>
    </motif>
    <motif id="5-UCUAKUACACAGRA" alt="STREME-5" width="14" initial_width="11" seed="UCUAGUACACAGAA" score_threshold="11.2479" train_pos_count="20" train_neg_count="0" train_log_pvalue="-5.77432" train_pvalue="1.7e-006" train_dtc="-1.0" train_bernoulli="-1" test_pos_count="3" test_neg_count="0" test_log_pvalue="-0.870905" test_pvalue="1.3e-001" test_dtc="-1.0" test_bernoulli="-1" is_palindromic="n/a" elapsed_time="2.4">
      <pos A="0.0433411" C="0.12543" G="0.0838963" U="0.747332"/>
      <pos A="0.00200884" C="0.788005" G="0.0838963" U="0.12609"/>
      <pos A="0.0848304" C="0.00127642" G="0.00123189" U="0.912661"/>
      <pos A="0.829754" C="0.125746" G="0.00123189" U="0.0432681"/>
      <pos A="0.167495" C="0.125746" G="0.456673" U="0.250086"/>
      <pos A="0.0848304" C="0.0839408" G="0.0425641" U="0.788665"/>
      <pos A="0.83007" C="0.00127642" G="0.125386" U="0.0432681"/>
      <pos A="0.0433411" C="0.788005" G="0.0840535" U="0.0846003"/>
      <pos A="0.83007" C="0.084098" G="0.00123189" U="0.0846003"/>
      <pos A="0.0846733" C="0.912159" G="0.00123189" U="0.00193592"/>
      <pos A="0.871559" C="0.00127642" G="0.0425641" U="0.0846003"/>
      <pos A="0.16781" C="0.00127642" G="0.787645" U="0.0432681"/>
      <pos A="0.415645" C="0.084098" G="0.498321" U="0.00193592"/>
      <pos A="0.871086" C="0.00127642" G="0.00123189" U="0.126405"/>
    </motif>
    <motif id="6-AGCACUGC" alt="STREME-6" width="8" initial_width="6" seed="AGCACUGC" score_threshold="8.24152" train_pos_count="25" train_neg_count="0" train_log_pvalue="-7.29204" train_pvalue="5.1e-008" train_dtc="-1.0" train_bernoulli="-1" test_pos_count="2" test_neg_count="2" test_log_pvalue="-0.133756" test_pvalue="7.3e-001" test_dtc="-1.0" test_bernoulli="-1" is_palindromic="n/a" elapsed_time="3.4">
      <pos A="0.812076" C="0.0297798" G="0.0587462" U="0.0993976"/>
      <pos A="0.0416731" C="0.0587773" G="0.724541" U="0.175009"/>
      <pos A="0.146062" C="0.64929" G="0.000860989" U="0.203787"/>
      <pos A="0.910121" C="0.000892109" G="0.0587462" U="0.0302407"/>
      <pos A="0.233333" C="0.706568" G="0.000860989" U="0.0592383"/>
      <pos A="0.0302917" C="0.000892109" G="0.0297487" U="0.939067"/>
      <pos A="0.0592892" C="0.0297798" G="0.851802" U="0.0591285"/>
      <pos A="0.088122" C="0.880666" G="0.0298588" U="0.00135305"/>
    </motif>
  </motifs>
  <reason_for_stopping>Stopped because 3 consecutive motifs exceeded the p-value threshold (0.05).</reason_for_stopping>
  <run_time cpu="3.41"/>
</STREME>
