<STREME version="5.2.0" release="Wed Oct 14 12:02:54 2020 -0700">
  <model>
    <command_line>streme -oc streme14 --rna --p Positive_sequence.txt --n Negative_sequence.txt</command_line>
    <train_positives count="503" positions="51305" file="Positive_sequence.txt"/>
    <train_negatives count="526" positions="53651" from="file" file="Negative_sequence.txt"/>
    <test_positives count="55" positions="5609"/>
    <test_negatives count="58" positions="5915"/>
    <sequence_db/>
    <alphabet name="RNA" like="rna">
      <letter id="A" symbol="A" name="Adenine" colour="CC0000"/>
      <letter id="C" symbol="C" name="Cytosine" colour="0000CC"/>
      <letter id="G" symbol="G" name="Guanine" colour="FFB300"/>
      <letter id="U" symbol="U" aliases="T" name="Uracil" colour="008000"/>
      <letter id="N" symbol="N" aliases="X." equals="ACGU" name="Any base"/>
      <letter id="V" symbol="V" equals="ACG" name="Not U"/>
      <letter id="H" symbol="H" equals="ACU" name="Not G"/>
      <letter id="D" symbol="D" equals="AGU" name="Not C"/>
      <letter id="B" symbol="B" equals="CGU" name="Not A"/>
      <letter id="M" symbol="M" equals="AC" name="Amino"/>
      <letter id="R" symbol="R" equals="AG" name="Purine"/>
      <letter id="W" symbol="W" equals="AU" name="Weak"/>
      <letter id="S" symbol="S" equals="CG" name="Strong"/>
      <letter id="Y" symbol="Y" equals="CU" name="Pyrimidine"/>
      <letter id="K" symbol="K" equals="GU" name="Keto"/>
    </alphabet>
    <strands>none</strands>
    <background A="0.29" C="0.211" G="0.223" U="0.275" from="dataset"/>
    <stop pvt="0.05"/>
    <objfun>Differential Enrichment</objfun>
    <test>Fisher Exact Test</test>
    <minw>8</minw>
    <maxw>15</maxw>
    <kmer>3</kmer>
    <hofract>0.1</hofract>
    <neval>25</neval>
    <nref>4</nref>
    <niter>20</niter>
    <patience>3</patience>
    <seed>0</seed>
    <useer>no</useer>
    <minscore>0</minscore>
    <ignore_depth>5</ignore_depth>
    <nsubsets>1</nsubsets>
    <min_pal_ratio>0.85</min_pal_ratio>
    <max_pal_ed>5</max_pal_ed>
    <cand>no</cand>
    <experimental>no</experimental>
    <totallength>0</totallength>
    <host>DESKTOP-HL7FMNH</host>
  </model>
  <motifs>
    <motif id="1-UCCCUCUU" alt="STREME-1" width="8" initial_width="7" seed="UCCCUCUU" score_threshold="8.38272" train_pos_count="36" train_neg_count="1" train_log_pvalue="-10.1762" train_pvalue="6.7e-011" train_dtc="-1.0" train_bernoulli="-1" test_pos_count="4" test_neg_count="2" test_log_pvalue="-0.502424" test_pvalue="3.1e-001" test_dtc="-1.0" test_bernoulli="-1" is_palindromic="n/a" elapsed_time="1.8">
      <pos A="0.00158433" C="0.00114966" G="0.0793455" U="0.917921"/>
      <pos A="0.0406201" C="0.95666" G="0.00121838" U="0.00150143"/>
      <pos A="0.0797114" C="0.800295" G="0.00121838" U="0.118776"/>
      <pos A="0.158061" C="0.761036" G="0.0794011" U="0.00150143"/>
      <pos A="0.00158433" C="0.0792768" G="0.0402542" U="0.878885"/>
      <pos A="0.0971955" C="0.900085" G="0.00121838" U="0.00150143"/>
      <pos A="0.0406201" C="0.00114966" G="0.00121838" U="0.957012"/>
      <pos A="0.0406201" C="0.00114966" G="0.00121838" U="0.957012"/>
    </motif>
    <motif id="2-GAAUAGGAK" alt="STREME-2" width="9" initial_width="8" seed="GAAUAGGAU" score_threshold="8.24229" train_pos_count="36" train_neg_count="2" train_log_pvalue="-9.16322" train_pvalue="6.9e-010" train_dtc="-1.0" train_bernoulli="-1" test_pos_count="1" test_neg_count="0" test_log_pvalue="-0.312716" test_pvalue="4.9e-001" test_dtc="-1.0" test_bernoulli="-1" is_palindromic="n/a" elapsed_time="0.8">
      <pos A="0.00172096" C="0.0436509" G="0.952997" U="0.00163091"/>
      <pos A="0.953395" C="0.0436509" G="0.00132345" U="0.00163091"/>
      <pos A="0.953395" C="0.0436509" G="0.00132345" U="0.00163091"/>
      <pos A="0.00172096" C="0.00124881" G="0.0861879" U="0.910842"/>
      <pos A="0.72322" C="0.128515" G="0.128711" U="0.0195535"/>
      <pos A="0.044123" C="0.086053" G="0.868193" U="0.00163091"/>
      <pos A="0.00172096" C="0.00124881" G="0.952997" U="0.044033"/>
      <pos A="0.953395" C="0.00124881" G="0.00132345" U="0.044033"/>
      <pos A="0.0865854" C="0.0436509" G="0.298561" U="0.571203"/>
    </motif>
    <motif id="3-UUGGAAMCUBDG" alt="STREME-3" width="12" initial_width="10" seed="UUGGAAACUGGG" score_threshold="10.0071" train_pos_count="29" train_neg_count="0" train_log_pvalue="-9.19897" train_pvalue="6.3e-010" train_dtc="-1.0" train_bernoulli="-1" test_pos_count="0" test_neg_count="0" test_log_pvalue="0" test_pvalue="1.0e+000" test_dtc="-1.0" test_bernoulli="-1" is_palindromic="n/a" elapsed_time="2.9">
      <pos A="0.00130302" C="0.000945527" G="0.00100204" U="0.996749"/>
      <pos A="0.00130302" C="0.0330501" G="0.0973156" U="0.868331"/>
      <pos A="0.129767" C="0.129364" G="0.739635" U="0.00123484"/>
      <pos A="0.00130302" C="0.000945527" G="0.996517" U="0.00123484"/>
      <pos A="0.579276" C="0.193618" G="0.225871" U="0.00123484"/>
      <pos A="0.675727" C="0.0973048" G="0.193629" U="0.0333394"/>
      <pos A="0.450812" C="0.482742" G="0.0652111" U="0.00123484"/>
      <pos A="0.0655121" C="0.643265" G="0.257884" U="0.0333394"/>
      <pos A="0.0334075" C="0.0330501" G="0.0331066" U="0.900436"/>
      <pos A="0.00130302" C="0.322128" G="0.418452" U="0.258117"/>
      <pos A="0.258185" C="0.0651546" G="0.450648" U="0.226012"/>
      <pos A="0.193976" C="0.129501" G="0.675289" U="0.00123484"/>
    </motif>
  </motifs>
  <reason_for_stopping>Stopped because 3 consecutive motifs exceeded the p-value threshold (0.05).</reason_for_stopping>
  <run_time cpu="2.95"/>
</STREME>
