<STREME version="5.2.0" release="Wed Oct 14 12:02:54 2020 -0700">
  <model>
    <command_line>streme -oc streme21 --rna --p Positive_sequence.txt --n Negative_sequence.txt</command_line>
    <train_positives count="220" positions="22439" file="Positive_sequence.txt"/>
    <train_negatives count="171" positions="17441" from="file" file="Negative_sequence.txt"/>
    <test_positives count="24" positions="2447"/>
    <test_negatives count="19" positions="1937"/>
    <sequence_db/>
    <alphabet name="RNA" like="rna">
      <letter id="A" symbol="A" name="Adenine" colour="CC0000"/>
      <letter id="C" symbol="C" name="Cytosine" colour="0000CC"/>
      <letter id="G" symbol="G" name="Guanine" colour="FFB300"/>
      <letter id="U" symbol="U" aliases="T" name="Uracil" colour="008000"/>
      <letter id="N" symbol="N" aliases="X." equals="ACGU" name="Any base"/>
      <letter id="V" symbol="V" equals="ACG" name="Not U"/>
      <letter id="H" symbol="H" equals="ACU" name="Not G"/>
      <letter id="D" symbol="D" equals="AGU" name="Not C"/>
      <letter id="B" symbol="B" equals="CGU" name="Not A"/>
      <letter id="M" symbol="M" equals="AC" name="Amino"/>
      <letter id="R" symbol="R" equals="AG" name="Purine"/>
      <letter id="W" symbol="W" equals="AU" name="Weak"/>
      <letter id="S" symbol="S" equals="CG" name="Strong"/>
      <letter id="Y" symbol="Y" equals="CU" name="Pyrimidine"/>
      <letter id="K" symbol="K" equals="GU" name="Keto"/>
    </alphabet>
    <strands>none</strands>
    <background A="0.29" C="0.195" G="0.186" U="0.329" from="dataset"/>
    <stop pvt="0.05"/>
    <objfun>Differential Enrichment</objfun>
    <test>Fisher Exact Test</test>
    <minw>8</minw>
    <maxw>15</maxw>
    <kmer>3</kmer>
    <hofract>0.1</hofract>
    <neval>25</neval>
    <nref>4</nref>
    <niter>20</niter>
    <patience>3</patience>
    <seed>0</seed>
    <useer>no</useer>
    <minscore>0</minscore>
    <ignore_depth>5</ignore_depth>
    <nsubsets>1</nsubsets>
    <min_pal_ratio>0.85</min_pal_ratio>
    <max_pal_ed>5</max_pal_ed>
    <cand>no</cand>
    <experimental>no</experimental>
    <totallength>0</totallength>
    <host>DESKTOP-HL7FMNH</host>
  </model>
  <motifs>
    <motif id="1-CAAAGGGR" alt="STREME-1" width="8" initial_width="9" seed="CAAAGGGG" score_threshold="7.81794" train_pos_count="38" train_neg_count="1" train_log_pvalue="-8.86971" train_pvalue="1.3e-009" train_dtc="-1.0" train_bernoulli="-1" test_pos_count="3" test_neg_count="1" test_log_pvalue="-0.400428" test_pvalue="4.0e-001" test_dtc="-1.0" test_bernoulli="-1" is_palindromic="n/a" elapsed_time="3.8">
      <pos A="0.00139225" C="0.885712" G="0.111319" U="0.0015769"/>
      <pos A="0.913846" C="0.0285193" G="0.0560573" U="0.0015769"/>
      <pos A="0.747964" C="0.000936163" G="0.249523" U="0.0015769"/>
      <pos A="0.886168" C="0.111364" G="0.000891082" U="0.0015769"/>
      <pos A="0.00139225" C="0.0836855" G="0.885762" U="0.02916"/>
      <pos A="0.0289754" C="0.0561024" G="0.637227" U="0.277695"/>
      <pos A="0.00139225" C="0.000936163" G="0.885667" U="0.112005"/>
      <pos A="0.333449" C="0.000936163" G="0.664038" U="0.0015769"/>
    </motif>
    <motif id="2-GGSCCUGAG" alt="STREME-2" width="9" initial_width="5" seed="GGCCCUGAG" score_threshold="6.21351" train_pos_count="108" train_neg_count="16" train_log_pvalue="-17.6331" train_pvalue="2.3e-018" train_dtc="-1.0" train_bernoulli="-1" test_pos_count="6" test_neg_count="4" test_log_pvalue="-0.278532" test_pvalue="5.3e-001" test_dtc="-1.0" test_bernoulli="-1" is_palindromic="n/a" elapsed_time="2.0">
      <pos A="0.0664743" C="0.0580698" G="0.86673" U="0.00872548"/>
      <pos A="0.000416601" C="0.0993523" G="0.751137" U="0.149094"/>
      <pos A="0.149125" C="0.41942" G="0.27402" U="0.157434"/>
      <pos A="0.0612848" C="0.851107" G="0.0758473" U="0.011761"/>
      <pos A="0.000416601" C="0.549625" G="0.193193" U="0.256765"/>
      <pos A="0.190379" C="0.0415483" G="0.152069" U="0.616004"/>
      <pos A="0.0499671" C="0.223314" G="0.660218" U="0.0665009"/>
      <pos A="0.538574" C="0.0941629" G="0.115904" U="0.25136"/>
      <pos A="0.0664743" C="0.14896" G="0.742826" U="0.04174"/>
    </motif>
    <motif id="3-ADCAGUSCMAR" alt="STREME-3" width="11" initial_width="12" seed="AACAGUCCCAG" score_threshold="7.36663" train_pos_count="59" train_neg_count="6" train_log_pvalue="-10.2443" train_pvalue="5.7e-011" train_dtc="-1.0" train_bernoulli="-1" test_pos_count="1" test_neg_count="1" test_log_pvalue="-0.0911767" test_pvalue="8.1e-001" test_dtc="-1.0" test_bernoulli="-1" is_palindromic="n/a" elapsed_time="5.5">
      <pos A="0.928392" C="0.000589401" G="0.000561018" U="0.0704573"/>
      <pos A="0.365867" C="0.0353217" G="0.330819" U="0.267992"/>
      <pos A="0.000876553" C="0.928105" G="0.0700255" U="0.000992803"/>
      <pos A="0.858867" C="0.000589401" G="0.0352933" U="0.10525"/>
      <pos A="0.122621" C="0.191677" G="0.684709" U="0.000992803"/>
      <pos A="0.000876553" C="0.000589401" G="0.000561018" U="0.997973"/>
      <pos A="0.174598" C="0.435044" G="0.302353" U="0.0880046"/>
      <pos A="0.0529749" C="0.713144" G="0.000561018" U="0.23332"/>
      <pos A="0.407046" C="0.278689" G="0.122244" U="0.19202"/>
      <pos A="0.574562" C="0.209043" G="0.215402" U="0.000992803"/>
      <pos A="0.406926" C="0.0700539" G="0.469869" U="0.0531514"/>
    </motif>
  </motifs>
  <reason_for_stopping>Stopped because 3 consecutive motifs exceeded the p-value threshold (0.05).</reason_for_stopping>
  <run_time cpu="5.53"/>
</STREME>
