<STREME version="5.2.0" release="Wed Oct 14 12:02:54 2020 -0700">
  <model>
    <command_line>streme -oc streme18 --rna --p Positive_sequence.txt --n Negative_sequence.txt</command_line>
    <train_positives count="398" positions="40595" file="Positive_sequence.txt"/>
    <train_negatives count="1811" positions="184721" from="file" file="Negative_sequence.txt"/>
    <test_positives count="44" positions="4487"/>
    <test_negatives count="201" positions="20501"/>
    <sequence_db/>
    <alphabet name="RNA" like="rna">
      <letter id="A" symbol="A" name="Adenine" colour="CC0000"/>
      <letter id="C" symbol="C" name="Cytosine" colour="0000CC"/>
      <letter id="G" symbol="G" name="Guanine" colour="FFB300"/>
      <letter id="U" symbol="U" aliases="T" name="Uracil" colour="008000"/>
      <letter id="N" symbol="N" aliases="X." equals="ACGU" name="Any base"/>
      <letter id="V" symbol="V" equals="ACG" name="Not U"/>
      <letter id="H" symbol="H" equals="ACU" name="Not G"/>
      <letter id="D" symbol="D" equals="AGU" name="Not C"/>
      <letter id="B" symbol="B" equals="CGU" name="Not A"/>
      <letter id="M" symbol="M" equals="AC" name="Amino"/>
      <letter id="R" symbol="R" equals="AG" name="Purine"/>
      <letter id="W" symbol="W" equals="AU" name="Weak"/>
      <letter id="S" symbol="S" equals="CG" name="Strong"/>
      <letter id="Y" symbol="Y" equals="CU" name="Pyrimidine"/>
      <letter id="K" symbol="K" equals="GU" name="Keto"/>
    </alphabet>
    <strands>none</strands>
    <background A="0.284" C="0.211" G="0.207" U="0.297" from="dataset"/>
    <stop pvt="0.05"/>
    <objfun>Differential Enrichment</objfun>
    <test>Fisher Exact Test</test>
    <minw>8</minw>
    <maxw>15</maxw>
    <kmer>3</kmer>
    <hofract>0.1</hofract>
    <neval>25</neval>
    <nref>4</nref>
    <niter>20</niter>
    <patience>3</patience>
    <seed>0</seed>
    <useer>no</useer>
    <minscore>0</minscore>
    <ignore_depth>5</ignore_depth>
    <nsubsets>1</nsubsets>
    <min_pal_ratio>0.85</min_pal_ratio>
    <max_pal_ed>5</max_pal_ed>
    <cand>no</cand>
    <experimental>no</experimental>
    <totallength>0</totallength>
    <host>DESKTOP-HL7FMNH</host>
  </model>
  <motifs>
    <motif id="1-GGGCAGGCR" alt="STREME-1" width="9" initial_width="5" seed="GGGCAGGCG" score_threshold="6.66632" train_pos_count="143" train_neg_count="244" train_log_pvalue="-22.55" train_pvalue="2.8e-023" train_dtc="-1.0" train_bernoulli="-1" test_pos_count="20" test_neg_count="30" test_log_pvalue="-4.61867" test_pvalue="2.4e-005" test_dtc="-1.0" test_bernoulli="-1" is_palindromic="n/a" elapsed_time="4.6">
      <pos A="0.0573652" C="0.164978" G="0.7775" U="0.000157089"/>
      <pos A="0.0757124" C="0.0272725" G="0.878751" U="0.0182643"/>
      <pos A="0.0685316" C="0.131019" G="0.800292" U="0.000157089"/>
      <pos A="0.259072" C="0.583191" G="0.15169" U="0.00604667"/>
      <pos A="0.644495" C="0.105591" G="0.000109498" U="0.249805"/>
      <pos A="0.0363643" C="0.0091653" G="0.94526" U="0.00921068"/>
      <pos A="0.111142" C="0.184341" G="0.551282" U="0.153235"/>
      <pos A="0.1901" C="0.696927" G="0.112816" U="0.000157089"/>
      <pos A="0.43268" C="0.216295" G="0.313733" U="0.0372912"/>
    </motif>
    <motif id="2-GCCUGACC" alt="STREME-2" width="8" initial_width="7" seed="GCCUGACC" score_threshold="12.0462" train_pos_count="10" train_neg_count="2" train_log_pvalue="-5.81598" train_pvalue="1.5e-006" train_dtc="-1.0" train_bernoulli="-1" test_pos_count="3" test_neg_count="0" test_log_pvalue="-2.26199" test_pvalue="5.5e-003" test_dtc="-1.0" test_bernoulli="-1" is_palindromic="n/a" elapsed_time="9.4">
      <pos A="0.00203217" C="0.00151393" G="0.994325" U="0.0021288"/>
      <pos A="0.00203217" C="0.994355" G="0.00148386" U="0.0021288"/>
      <pos A="0.00203217" C="0.791852" G="0.124174" U="0.0819416"/>
      <pos A="0.00203217" C="0.00151393" G="0.00148386" U="0.99497"/>
      <pos A="0.178033" C="0.00151393" G="0.818324" U="0.0021288"/>
      <pos A="0.994873" C="0.00151393" G="0.00148386" U="0.0021288"/>
      <pos A="0.00203217" C="0.994355" G="0.00148386" U="0.0021288"/>
      <pos A="0.00203217" C="0.871665" G="0.124174" U="0.0021288"/>
    </motif>
    <motif id="3-CAGUCCAA" alt="STREME-3" width="8" initial_width="8" seed="CAGUCCAA" score_threshold="6.32557" train_pos_count="114" train_neg_count="244" train_log_pvalue="-11.7214" train_pvalue="1.9e-012" train_dtc="-1.0" train_bernoulli="-1" test_pos_count="12" test_neg_count="23" test_log_pvalue="-2.02744" test_pvalue="9.4e-003" test_dtc="-1.0" test_bernoulli="-1" is_palindromic="n/a" elapsed_time="7.7">
      <pos A="0.0807307" C="0.883001" G="0.000160661" U="0.0361076"/>
      <pos A="0.828222" C="0.1006" G="0.0532964" U="0.0178817"/>
      <pos A="0.106876" C="0.0962081" G="0.783402" U="0.0135144"/>
      <pos A="0.150501" C="0.146342" G="0.0596462" U="0.643512"/>
      <pos A="0.102464" C="0.840462" G="0.00403277" U="0.0530419"/>
      <pos A="0.00243331" C="0.795791" G="0.0907229" U="0.111053"/>
      <pos A="0.587099" C="0.169566" G="0.173884" U="0.0694504"/>
      <pos A="0.617651" C="0.0797733" G="0.254502" U="0.0480733"/>
    </motif>
    <motif id="4-GCAGAAGGAGGGAAG" alt="STREME-4" width="15" initial_width="13" seed="GCAGAAGGAGGGAAG" score_threshold="10.8458" train_pos_count="4" train_neg_count="0" train_log_pvalue="-2.98264" train_pvalue="1.0e-003" train_dtc="-1.0" train_bernoulli="-1" test_pos_count="2" test_neg_count="0" test_log_pvalue="-1.49963" test_pvalue="3.2e-002" test_dtc="-1.0" test_bernoulli="-1" is_palindromic="n/a" elapsed_time="11.2">
      <pos A="0.0258065" C="0.0192254" G="0.927934" U="0.0270337"/>
      <pos A="0.0258065" C="0.928316" G="0.0188436" U="0.0270337"/>
      <pos A="0.934897" C="0.0192254" G="0.0188436" U="0.0270337"/>
      <pos A="0.0258065" C="0.0192254" G="0.927934" U="0.0270337"/>
      <pos A="0.934897" C="0.0192254" G="0.0188436" U="0.0270337"/>
      <pos A="0.934897" C="0.0192254" G="0.0188436" U="0.0270337"/>
      <pos A="0.0258065" C="0.0192254" G="0.927934" U="0.0270337"/>
      <pos A="0.0258065" C="0.0192254" G="0.927934" U="0.0270337"/>
      <pos A="0.934897" C="0.0192254" G="0.0188436" U="0.0270337"/>
      <pos A="0.0258065" C="0.0192254" G="0.927934" U="0.0270337"/>
      <pos A="0.0258065" C="0.0192254" G="0.927934" U="0.0270337"/>
      <pos A="0.0258065" C="0.0192254" G="0.927934" U="0.0270337"/>
      <pos A="0.934897" C="0.0192254" G="0.0188436" U="0.0270337"/>
      <pos A="0.934897" C="0.0192254" G="0.0188436" U="0.0270337"/>
      <pos A="0.0258065" C="0.0192254" G="0.927934" U="0.0270337"/>
    </motif>
    <motif id="5-CAGGCUUUM" alt="STREME-5" width="9" initial_width="8" seed="CAGGCUUUC" score_threshold="10.0532" train_pos_count="19" train_neg_count="9" train_log_pvalue="-8.16028" train_pvalue="6.9e-009" train_dtc="-1.0" train_bernoulli="-1" test_pos_count="1" test_neg_count="4" test_log_pvalue="-0.199497" test_pvalue="6.3e-001" test_dtc="-1.0" test_bernoulli="-1" is_palindromic="n/a" elapsed_time="15.1">
      <pos A="0.00108056" C="0.670655" G="0.327133" U="0.00113194"/>
      <pos A="0.997274" C="0.000804993" G="0.000789007" U="0.00113194"/>
      <pos A="0.00108056" C="0.000804993" G="0.758754" U="0.239361"/>
      <pos A="0.00108056" C="0.000804993" G="0.996983" U="0.00113194"/>
      <pos A="0.131555" C="0.866524" G="0.000789007" U="0.00113194"/>
      <pos A="0.00108056" C="0.000804993" G="0.000789007" U="0.997325"/>
      <pos A="0.00108056" C="0.000804993" G="0.216219" U="0.781895"/>
      <pos A="0.00108056" C="0.000804993" G="0.000789007" U="0.997325"/>
      <pos A="0.445339" C="0.55274" G="0.000789007" U="0.00113194"/>
    </motif>
    <motif id="6-AAAGACUGRG" alt="STREME-6" width="10" initial_width="8" seed="AAAGACUGGG" score_threshold="11.2209" train_pos_count="20" train_neg_count="8" train_log_pvalue="-9.19127" train_pvalue="6.4e-010" train_dtc="-1.0" train_bernoulli="-1" test_pos_count="0" test_neg_count="3" test_log_pvalue="1.30118e-13" test_pvalue="1.0e+000" test_dtc="-1.0" test_bernoulli="-1" is_palindromic="n/a" elapsed_time="13.4">
      <pos A="0.896006" C="0.000758272" G="0.000743214" U="0.102493"/>
      <pos A="0.896006" C="0.0622093" G="0.0407186" U="0.00106624"/>
      <pos A="0.997432" C="0.000758272" G="0.000743214" U="0.00106624"/>
      <pos A="0.00101784" C="0.0889109" G="0.909005" U="0.00106624"/>
      <pos A="0.997432" C="0.000758272" G="0.000743214" U="0.00106624"/>
      <pos A="0.00101784" C="0.935722" G="0.000743214" U="0.0625173"/>
      <pos A="0.123994" C="0.000758272" G="0.000743214" U="0.874505"/>
      <pos A="0.00101784" C="0.000758272" G="0.895731" U="0.102493"/>
      <pos A="0.588751" C="0.000758272" G="0.409425" U="0.00106624"/>
      <pos A="0.225346" C="0.000758272" G="0.609952" U="0.163944"/>
    </motif>
    <motif id="7-GGACCUGUAWAC" alt="STREME-7" width="12" initial_width="5" seed="GGACCUGUAUAC" score_threshold="12.3385" train_pos_count="13" train_neg_count="1" train_log_pvalue="-8.67776" train_pvalue="2.1e-009" train_dtc="-1.0" train_bernoulli="-1" test_pos_count="0" test_neg_count="2" test_log_pvalue="1.56447e-13" test_pvalue="1.0e+000" test_dtc="-1.0" test_bernoulli="-1" is_palindromic="n/a" elapsed_time="16.8">
      <pos A="0.0674975" C="0.000819312" G="0.930531" U="0.00115207"/>
      <pos A="0.0674975" C="0.133615" G="0.66486" U="0.134027"/>
      <pos A="0.997226" C="0.000819312" G="0.000803042" U="0.00115207"/>
      <pos A="0.133895" C="0.664956" G="0.0672008" U="0.133948"/>
      <pos A="0.00109978" C="0.996945" G="0.000803042" U="0.00115207"/>
      <pos A="0.0674975" C="0.000819312" G="0.000803042" U="0.93088"/>
      <pos A="0.00109978" C="0.000819312" G="0.930531" U="0.0675498"/>
      <pos A="0.0674975" C="0.000819312" G="0.133599" U="0.798085"/>
      <pos A="0.731635" C="0.000819312" G="0.0672008" U="0.200345"/>
      <pos A="0.333088" C="0.000819312" G="0.0672008" U="0.598891"/>
      <pos A="0.86443" C="0.000819312" G="0.000803042" U="0.133948"/>
      <pos A="0.133975" C="0.598479" G="0.000803042" U="0.266743"/>
    </motif>
  </motifs>
  <reason_for_stopping>Stopped because 3 consecutive motifs exceeded the p-value threshold (0.05).</reason_for_stopping>
  <run_time cpu="16.86"/>
</STREME>
