<STREME version="5.2.0" release="Wed Oct 14 12:02:54 2020 -0700">
  <model>
    <command_line>streme -oc streme26 --rna --p Positive_sequence.txt --n Negative_sequence.txt</command_line>
    <train_positives count="501" positions="51101" file="Positive_sequence.txt"/>
    <train_negatives count="526" positions="53651" from="file" file="Negative_sequence.txt"/>
    <test_positives count="55" positions="5609"/>
    <test_negatives count="58" positions="5915"/>
    <sequence_db/>
    <alphabet name="RNA" like="rna">
      <letter id="A" symbol="A" name="Adenine" colour="CC0000"/>
      <letter id="C" symbol="C" name="Cytosine" colour="0000CC"/>
      <letter id="G" symbol="G" name="Guanine" colour="FFB300"/>
      <letter id="U" symbol="U" aliases="T" name="Uracil" colour="008000"/>
      <letter id="N" symbol="N" aliases="X." equals="ACGU" name="Any base"/>
      <letter id="V" symbol="V" equals="ACG" name="Not U"/>
      <letter id="H" symbol="H" equals="ACU" name="Not G"/>
      <letter id="D" symbol="D" equals="AGU" name="Not C"/>
      <letter id="B" symbol="B" equals="CGU" name="Not A"/>
      <letter id="M" symbol="M" equals="AC" name="Amino"/>
      <letter id="R" symbol="R" equals="AG" name="Purine"/>
      <letter id="W" symbol="W" equals="AU" name="Weak"/>
      <letter id="S" symbol="S" equals="CG" name="Strong"/>
      <letter id="Y" symbol="Y" equals="CU" name="Pyrimidine"/>
      <letter id="K" symbol="K" equals="GU" name="Keto"/>
    </alphabet>
    <strands>none</strands>
    <background A="0.31" C="0.195" G="0.192" U="0.303" from="dataset"/>
    <stop pvt="0.05"/>
    <objfun>Differential Enrichment</objfun>
    <test>Fisher Exact Test</test>
    <minw>8</minw>
    <maxw>15</maxw>
    <kmer>3</kmer>
    <hofract>0.1</hofract>
    <neval>25</neval>
    <nref>4</nref>
    <niter>20</niter>
    <patience>3</patience>
    <seed>0</seed>
    <useer>no</useer>
    <minscore>0</minscore>
    <ignore_depth>5</ignore_depth>
    <nsubsets>1</nsubsets>
    <min_pal_ratio>0.85</min_pal_ratio>
    <max_pal_ed>5</max_pal_ed>
    <cand>no</cand>
    <experimental>no</experimental>
    <totallength>0</totallength>
    <host>DESKTOP-HL7FMNH</host>
  </model>
  <motifs>
    <motif id="1-AUUABGCA" alt="STREME-1" width="8" initial_width="6" seed="AUUACGCA" score_threshold="8.27079" train_pos_count="49" train_neg_count="7" train_log_pvalue="-9.29673" train_pvalue="5.0e-010" train_dtc="-1.0" train_bernoulli="-1" test_pos_count="5" test_neg_count="0" test_log_pvalue="-1.60583" test_pvalue="2.5e-002" test_dtc="-1.0" test_bernoulli="-1" is_palindromic="n/a" elapsed_time="0.8">
      <pos A="0.816123" C="0.0265625" G="0.156223" U="0.00109152"/>
      <pos A="0.00111529" C="0.00070246" G="0.000693455" U="0.997489"/>
      <pos A="0.0787322" C="0.0265625" G="0.000693455" U="0.894012"/>
      <pos A="0.997513" C="0.00070246" G="0.000693455" U="0.00109152"/>
      <pos A="0.0791855" C="0.374469" G="0.237085" U="0.309261"/>
      <pos A="0.00111529" C="0.00070246" G="0.960282" U="0.0379007"/>
      <pos A="0.283276" C="0.714939" G="0.000693455" U="0.00109152"/>
      <pos A="0.997513" C="0.00070246" G="0.000693455" U="0.00109152"/>
    </motif>
    <motif id="2-AAGGGGCC" alt="STREME-2" width="8" initial_width="6" seed="AAGGGGCC" score_threshold="9.73511" train_pos_count="33" train_neg_count="2" train_log_pvalue="-8.28537" train_pvalue="5.2e-009" train_dtc="-1.0" train_bernoulli="-1" test_pos_count="5" test_neg_count="0" test_log_pvalue="-1.60583" test_pvalue="2.5e-002" test_dtc="-1.0" test_bernoulli="-1" is_palindromic="n/a" elapsed_time="1.6">
      <pos A="0.937234" C="0.0177255" G="0.0174983" U="0.0275427"/>
      <pos A="0.937234" C="0.0177255" G="0.0174983" U="0.0275427"/>
      <pos A="0.0281426" C="0.0177255" G="0.926589" U="0.0275427"/>
      <pos A="0.0281426" C="0.0177255" G="0.926589" U="0.0275427"/>
      <pos A="0.0281426" C="0.0177255" G="0.926589" U="0.0275427"/>
      <pos A="0.0281426" C="0.0177255" G="0.926589" U="0.0275427"/>
      <pos A="0.0281426" C="0.926816" G="0.0174983" U="0.0275427"/>
      <pos A="0.0281426" C="0.926816" G="0.0174983" U="0.0275427"/>
    </motif>
    <motif id="3-ACUYCCUGCYRGAA" alt="STREME-3" width="14" initial_width="9" seed="ACUCCCUGCCAGAA" score_threshold="4.39411" train_pos_count="36" train_neg_count="3" train_log_pvalue="-8.34631" train_pvalue="4.5e-009" train_dtc="-1.0" train_bernoulli="-1" test_pos_count="6" test_neg_count="1" test_log_pvalue="-1.31166" test_pvalue="4.9e-002" test_dtc="-1.0" test_bernoulli="-1" is_palindromic="n/a" elapsed_time="3.8">
      <pos A="0.99602" C="0.00112404" G="0.00110962" U="0.00174658"/>
      <pos A="0.00178462" C="0.9126" G="0.083869" U="0.00174658"/>
      <pos A="0.00178462" C="0.0838834" G="0.00110962" U="0.913222"/>
      <pos A="0.00178462" C="0.415275" G="0.0424893" U="0.540451"/>
      <pos A="0.00178462" C="0.788106" G="0.208363" U="0.00174658"/>
      <pos A="0.00178462" C="0.995359" G="0.00110962" U="0.00174658"/>
      <pos A="0.125983" C="0.00112404" G="0.00110962" U="0.871784"/>
      <pos A="0.00178462" C="0.0425037" G="0.953965" U="0.00174658"/>
      <pos A="0.209038" C="0.788106" G="0.00110962" U="0.00174658"/>
      <pos A="0.209038" C="0.291137" G="0.00110962" U="0.498716"/>
      <pos A="0.374556" C="0.00112404" G="0.456699" U="0.16762"/>
      <pos A="0.00178462" C="0.0425037" G="0.912585" U="0.0431262"/>
      <pos A="0.706126" C="0.00112404" G="0.291004" U="0.00174658"/>
      <pos A="0.871881" C="0.0838834" G="0.0424893" U="0.00174658"/>
    </motif>
    <motif id="4-UCUUAUGGAGWGGGC" alt="STREME-4" width="15" initial_width="12" seed="UCUUAUGGAGUGAGC" score_threshold="8.93344" train_pos_count="38" train_neg_count="0" train_log_pvalue="-12.1701" train_pvalue="6.8e-013" train_dtc="-1.0" train_bernoulli="-1" test_pos_count="4" test_neg_count="0" test_log_pvalue="-1.27598" test_pvalue="5.3e-002" test_dtc="-1.0" test_bernoulli="-1" is_palindromic="n/a" elapsed_time="4.5">
      <pos A="0.0565035" C="0.00075123" G="0.000741599" U="0.942004"/>
      <pos A="0.056543" C="0.803232" G="0.000741599" U="0.139484"/>
      <pos A="0.111814" C="0.00075123" G="0.000741599" U="0.886693"/>
      <pos A="0.0565035" C="0.00075123" G="0.194408" U="0.748337"/>
      <pos A="0.969684" C="0.00075123" G="0.000741599" U="0.0288227"/>
      <pos A="0.139509" C="0.00075123" G="0.111442" U="0.748297"/>
      <pos A="0.056543" C="0.00075123" G="0.886228" U="0.0564781"/>
      <pos A="0.00119272" C="0.111452" G="0.692482" U="0.194873"/>
      <pos A="0.665317" C="0.0561015" G="0.166713" U="0.111868"/>
      <pos A="0.111814" C="0.056062" G="0.69264" U="0.139484"/>
      <pos A="0.277865" C="0.166802" G="0.000741599" U="0.554591"/>
      <pos A="0.167204" C="0.00075123" G="0.637211" U="0.194834"/>
      <pos A="0.167204" C="0.00075123" G="0.63725" U="0.194795"/>
      <pos A="0.0288481" C="0.0561015" G="0.886228" U="0.0288227"/>
      <pos A="0.00119272" C="0.692492" G="0.028397" U="0.277919"/>
    </motif>
    <motif id="5-CAAAUAUAAUS" alt="STREME-5" width="11" initial_width="9" seed="CAAAUAUAAUG" score_threshold="10.6897" train_pos_count="35" train_neg_count="0" train_log_pvalue="-11.1842" train_pvalue="6.5e-012" train_dtc="-1.0" train_bernoulli="-1" test_pos_count="3" test_neg_count="0" test_log_pvalue="-0.950587" test_pvalue="1.1e-001" test_dtc="-1.0" test_bernoulli="-1" is_palindromic="n/a" elapsed_time="3.0">
      <pos A="0.00133976" C="0.965451" G="0.000833024" U="0.032376"/>
      <pos A="0.997012" C="0.000843843" G="0.000833024" U="0.0013112"/>
      <pos A="0.903773" C="0.000843843" G="0.000833024" U="0.0945499"/>
      <pos A="0.903773" C="0.0319086" G="0.0630069" U="0.0013112"/>
      <pos A="0.00133976" C="0.125236" G="0.000833024" U="0.872591"/>
      <pos A="0.747826" C="0.000843843" G="0.250019" U="0.0013112"/>
      <pos A="0.0635136" C="0.0940825" G="0.000833024" U="0.841571"/>
      <pos A="0.997012" C="0.000843843" G="0.000833024" U="0.0013112"/>
      <pos A="0.997012" C="0.000843843" G="0.000833024" U="0.0013112"/>
      <pos A="0.0324045" C="0.000843843" G="0.312281" U="0.65447"/>
      <pos A="0.00133976" C="0.436239" G="0.405653" U="0.156768"/>
    </motif>
    <motif id="6-AAUUGUGCAC" alt="STREME-6" width="10" initial_width="12" seed="AAUUGUGCAC" score_threshold="9.28034" train_pos_count="44" train_neg_count="4" train_log_pvalue="-9.92045" train_pvalue="1.2e-010" train_dtc="-1.0" train_bernoulli="-1" test_pos_count="3" test_neg_count="1" test_log_pvalue="-0.538661" test_pvalue="2.9e-001" test_dtc="-1.0" test_bernoulli="-1" is_palindromic="n/a" elapsed_time="5.2">
      <pos A="0.951954" C="0.000622618" G="0.0464561" U="0.000967453"/>
      <pos A="0.699564" C="0.000622618" G="0.0464888" U="0.253325"/>
      <pos A="0.000988526" C="0.102076" G="0.000614636" U="0.896321"/>
      <pos A="0.138578" C="0.000622618" G="0.0235354" U="0.837264"/>
      <pos A="0.138644" C="0.000622618" G="0.790971" U="0.0697624"/>
      <pos A="0.000988526" C="0.000622618" G="0.000614636" U="0.997774"/>
      <pos A="0.0468627" C="0.000622618" G="0.859832" U="0.0926831"/>
      <pos A="0.0468627" C="0.836886" G="0.115284" U="0.000967453"/>
      <pos A="0.598012" C="0.29892" G="0.102101" U="0.000967453"/>
      <pos A="0.000988526" C="0.666671" G="0.138205" U="0.194136"/>
    </motif>
  </motifs>
  <reason_for_stopping>Stopped because 3 consecutive motifs exceeded the p-value threshold (0.05).</reason_for_stopping>
  <run_time cpu="5.97"/>
</STREME>
