<STREME version="5.2.0" release="Wed Oct 14 12:02:54 2020 -0700">
  <model>
    <command_line>streme -oc streme10 --rna --p Positive_sequence.txt --n Negative_sequence.txt</command_line>
    <train_positives count="273" positions="27845" file="Positive_sequence.txt"/>
    <train_negatives count="208" positions="21215" from="file" file="Negative_sequence.txt"/>
    <test_positives count="30" positions="3059"/>
    <test_negatives count="23" positions="2345"/>
    <sequence_db/>
    <alphabet name="RNA" like="rna">
      <letter id="A" symbol="A" name="Adenine" colour="CC0000"/>
      <letter id="C" symbol="C" name="Cytosine" colour="0000CC"/>
      <letter id="G" symbol="G" name="Guanine" colour="FFB300"/>
      <letter id="U" symbol="U" aliases="T" name="Uracil" colour="008000"/>
      <letter id="N" symbol="N" aliases="X." equals="ACGU" name="Any base"/>
      <letter id="V" symbol="V" equals="ACG" name="Not U"/>
      <letter id="H" symbol="H" equals="ACU" name="Not G"/>
      <letter id="D" symbol="D" equals="AGU" name="Not C"/>
      <letter id="B" symbol="B" equals="CGU" name="Not A"/>
      <letter id="M" symbol="M" equals="AC" name="Amino"/>
      <letter id="R" symbol="R" equals="AG" name="Purine"/>
      <letter id="W" symbol="W" equals="AU" name="Weak"/>
      <letter id="S" symbol="S" equals="CG" name="Strong"/>
      <letter id="Y" symbol="Y" equals="CU" name="Pyrimidine"/>
      <letter id="K" symbol="K" equals="GU" name="Keto"/>
    </alphabet>
    <strands>none</strands>
    <background A="0.294" C="0.216" G="0.207" U="0.283" from="dataset"/>
    <stop pvt="0.05"/>
    <objfun>Differential Enrichment</objfun>
    <test>Fisher Exact Test</test>
    <minw>8</minw>
    <maxw>15</maxw>
    <kmer>3</kmer>
    <hofract>0.1</hofract>
    <neval>25</neval>
    <nref>4</nref>
    <niter>20</niter>
    <patience>3</patience>
    <seed>0</seed>
    <useer>no</useer>
    <minscore>0</minscore>
    <ignore_depth>5</ignore_depth>
    <nsubsets>1</nsubsets>
    <min_pal_ratio>0.85</min_pal_ratio>
    <max_pal_ed>5</max_pal_ed>
    <cand>no</cand>
    <experimental>no</experimental>
    <totallength>0</totallength>
    <host>DESKTOP-HL7FMNH</host>
  </model>
  <motifs>
    <motif id="1-UUGACUAURW" alt="STREME-1" width="10" initial_width="7" seed="UUGACUAUGA" score_threshold="9.31294" train_pos_count="34" train_neg_count="1" train_log_pvalue="-7.55021" train_pvalue="2.8e-008" train_dtc="-1.0" train_bernoulli="-1" test_pos_count="3" test_neg_count="1" test_log_pvalue="-0.384595" test_pvalue="4.1e-001" test_dtc="-1.0" test_bernoulli="-1" is_palindromic="n/a" elapsed_time="0.5">
      <pos A="0.00129056" C="0.000948371" G="0.0756204" U="0.922141"/>
      <pos A="0.175518" C="0.000948371" G="0.15019" U="0.673343"/>
      <pos A="0.250227" C="0.000948371" G="0.747582" U="0.00124224"/>
      <pos A="0.922259" C="0.0755875" G="0.000911473" U="0.00124224"/>
      <pos A="0.00129056" C="0.822398" G="0.15019" U="0.026122"/>
      <pos A="0.00129056" C="0.125417" G="0.0257912" U="0.847502"/>
      <pos A="0.772911" C="0.0507078" G="0.000911473" U="0.17547"/>
      <pos A="0.100809" C="0.199986" G="0.12538" U="0.573825"/>
      <pos A="0.374626" C="0.000948371" G="0.623184" U="0.00124224"/>
      <pos A="0.499164" C="0.100537" G="0.15019" U="0.250109"/>
    </motif>
    <motif id="2-CUACCUWU" alt="STREME-2" width="8" initial_width="6" seed="CUACCUAU" score_threshold="7.98441" train_pos_count="44" train_neg_count="5" train_log_pvalue="-6.82081" train_pvalue="1.5e-007" train_dtc="-1.0" train_bernoulli="-1" test_pos_count="3" test_neg_count="2" test_log_pvalue="-0.202561" test_pvalue="6.3e-001" test_dtc="-1.0" test_bernoulli="-1" is_palindromic="n/a" elapsed_time="1.5">
      <pos A="0.0871061" C="0.911034" G="0.000787029" U="0.00107264"/>
      <pos A="0.00111436" C="0.0223018" G="0.000787029" U="0.975797"/>
      <pos A="0.757173" C="0.000818889" G="0.0222699" U="0.219738"/>
      <pos A="0.173038" C="0.825103" G="0.000787029" U="0.00107264"/>
      <pos A="0.173401" C="0.762458" G="0.000787029" U="0.063354"/>
      <pos A="0.20247" C="0.0223018" G="0.0222699" U="0.752959"/>
      <pos A="0.385759" C="0.0652675" G="0.111433" U="0.437541"/>
      <pos A="0.0441404" C="0.300077" G="0.000787029" U="0.654995"/>
    </motif>
    <motif id="3-AAGCUUAUG" alt="STREME-3" width="9" initial_width="6" seed="AAGCUUAUG" score_threshold="8.04162" train_pos_count="38" train_neg_count="2" train_log_pvalue="-7.60927" train_pvalue="2.5e-008" train_dtc="-1.0" train_bernoulli="-1" test_pos_count="1" test_neg_count="1" test_log_pvalue="-0.0880967" test_pvalue="8.2e-001" test_dtc="-1.0" test_bernoulli="-1" is_palindromic="n/a" elapsed_time="1.0">
      <pos A="0.996129" C="0.00118342" G="0.00113738" U="0.00155012"/>
      <pos A="0.778633" C="0.0944086" G="0.00113738" U="0.125821"/>
      <pos A="0.00161042" C="0.00118342" G="0.995656" U="0.00155012"/>
      <pos A="0.0637025" C="0.591843" G="0.0943625" U="0.250092"/>
      <pos A="0.00161042" C="0.0632755" G="0.0321834" U="0.902931"/>
      <pos A="0.0637025" C="0.0322294" G="0.00113738" U="0.902931"/>
      <pos A="0.809504" C="0.00118342" G="0.187762" U="0.00155012"/>
      <pos A="0.188148" C="0.00118342" G="0.156455" U="0.654214"/>
      <pos A="0.0947485" C="0.0944086" G="0.715893" U="0.0949499"/>
    </motif>
  </motifs>
  <reason_for_stopping>Stopped because 3 consecutive motifs exceeded the p-value threshold (0.05).</reason_for_stopping>
  <run_time cpu="1.50"/>
</STREME>
