<STREME version="5.2.0" release="Wed Oct 14 12:02:54 2020 -0700">
  <model>
    <command_line>streme -oc streme29 --rna --p Positive_sequence.txt --n Negative_sequence.txt</command_line>
    <train_positives count="579" positions="59057" file="Positive_sequence.txt"/>
    <train_negatives count="583" positions="59465" from="file" file="Negative_sequence.txt"/>
    <test_positives count="64" positions="6527"/>
    <test_negatives count="64" positions="6527"/>
    <sequence_db/>
    <alphabet name="RNA" like="rna">
      <letter id="A" symbol="A" name="Adenine" colour="CC0000"/>
      <letter id="C" symbol="C" name="Cytosine" colour="0000CC"/>
      <letter id="G" symbol="G" name="Guanine" colour="FFB300"/>
      <letter id="U" symbol="U" aliases="T" name="Uracil" colour="008000"/>
      <letter id="N" symbol="N" aliases="X." equals="ACGU" name="Any base"/>
      <letter id="V" symbol="V" equals="ACG" name="Not U"/>
      <letter id="H" symbol="H" equals="ACU" name="Not G"/>
      <letter id="D" symbol="D" equals="AGU" name="Not C"/>
      <letter id="B" symbol="B" equals="CGU" name="Not A"/>
      <letter id="M" symbol="M" equals="AC" name="Amino"/>
      <letter id="R" symbol="R" equals="AG" name="Purine"/>
      <letter id="W" symbol="W" equals="AU" name="Weak"/>
      <letter id="S" symbol="S" equals="CG" name="Strong"/>
      <letter id="Y" symbol="Y" equals="CU" name="Pyrimidine"/>
      <letter id="K" symbol="K" equals="GU" name="Keto"/>
    </alphabet>
    <strands>none</strands>
    <background A="0.288" C="0.203" G="0.2" U="0.309" from="dataset"/>
    <stop pvt="0.05"/>
    <objfun>Differential Enrichment</objfun>
    <test>Fisher Exact Test</test>
    <minw>8</minw>
    <maxw>15</maxw>
    <kmer>3</kmer>
    <hofract>0.1</hofract>
    <neval>25</neval>
    <nref>4</nref>
    <niter>20</niter>
    <patience>3</patience>
    <seed>0</seed>
    <useer>no</useer>
    <minscore>0</minscore>
    <ignore_depth>5</ignore_depth>
    <nsubsets>1</nsubsets>
    <min_pal_ratio>0.85</min_pal_ratio>
    <max_pal_ed>5</max_pal_ed>
    <cand>no</cand>
    <experimental>no</experimental>
    <totallength>0</totallength>
    <host>DESKTOP-HL7FMNH</host>
  </model>
  <motifs>
    <motif id="1-CACRCACA" alt="STREME-1" width="8" initial_width="8" seed="CACGCACA" score_threshold="6.80936" train_pos_count="211" train_neg_count="24" train_log_pvalue="-46.6693" train_pvalue="2.1e-047" train_dtc="-1.0" train_bernoulli="-1" test_pos_count="26" test_neg_count="2" test_log_pvalue="-7.02888" test_pvalue="9.4e-008" test_dtc="-1.0" test_bernoulli="-1" is_palindromic="n/a" elapsed_time="1.5">
      <pos A="0.0221162" C="0.959941" G="0.0156956" U="0.00224666"/>
      <pos A="0.926903" C="0.00503047" G="0.033552" U="0.034515"/>
      <pos A="0.0244859" C="0.830148" G="0.0180793" U="0.127287"/>
      <pos A="0.495402" C="0.0165178" G="0.449824" U="0.0382557"/>
      <pos A="0.00508431" C="0.921231" G="0.0103339" U="0.0633504"/>
      <pos A="0.951028" C="0.00705476" G="0.0148853" U="0.0270318"/>
      <pos A="0.00997257" C="0.922706" G="0.0196964" U="0.0476249"/>
      <pos A="0.874651" C="0.0450526" G="0.0393398" U="0.040957"/>
    </motif>
    <motif id="2-GUGUGUKU" alt="STREME-2" width="8" initial_width="8" seed="GUGUGUUU" score_threshold="7.61893" train_pos_count="174" train_neg_count="11" train_log_pvalue="-44.6469" train_pvalue="2.3e-045" train_dtc="-1.0" train_bernoulli="-1" test_pos_count="20" test_neg_count="2" test_log_pvalue="-4.85013" test_pvalue="1.4e-005" test_dtc="-1.0" test_bernoulli="-1" is_palindromic="n/a" elapsed_time="3.0">
      <pos A="0.000271203" C="0.000190801" G="0.999248" U="0.000290198"/>
      <pos A="0.000271203" C="0.000190801" G="0.000188168" U="0.99935"/>
      <pos A="0.0334585" C="0.000190801" G="0.966061" U="0.000290198"/>
      <pos A="0.0462315" C="0.000190801" G="0.000188168" U="0.953389"/>
      <pos A="0.000271203" C="0.000190801" G="0.999248" U="0.000290198"/>
      <pos A="0.0873078" C="0.0199204" G="0.000188168" U="0.892584"/>
      <pos A="0.0866617" C="0.000190801" G="0.587346" U="0.325801"/>
      <pos A="0.0465107" C="0.0792538" G="0.0884468" U="0.785789"/>
    </motif>
    <motif id="3-CACACAUG" alt="STREME-3" width="8" initial_width="8" seed="CACACAUG" score_threshold="8.44032" train_pos_count="63" train_neg_count="10" train_log_pvalue="-10.7479" train_pvalue="1.8e-011" train_dtc="-1.0" train_bernoulli="-1" test_pos_count="10" test_neg_count="2" test_log_pvalue="-1.82348" test_pvalue="1.5e-002" test_dtc="-1.0" test_bernoulli="-1" is_palindromic="n/a" elapsed_time="5.7">
      <pos A="0.000879653" C="0.861119" G="0.0644041" U="0.0735977"/>
      <pos A="0.955309" C="0.000618868" G="0.000610328" U="0.0434617"/>
      <pos A="0.0434" C="0.741941" G="0.0644307" U="0.150228"/>
      <pos A="0.742707" C="0.000618868" G="0.191939" U="0.0647351"/>
      <pos A="0.0221266" C="0.848441" G="0.000610328" U="0.128822"/>
      <pos A="0.892332" C="0.000618868" G="0.106108" U="0.000941265"/>
      <pos A="0.0221398" C="0.000618868" G="0.137175" U="0.840066"/>
      <pos A="0.000879653" C="0.000618868" G="0.99756" U="0.000941265"/>
    </motif>
    <motif id="4-CAUUCAUUCAUW" alt="STREME-4" width="12" initial_width="11" seed="CAUUCAUUCAUA" score_threshold="8.44636" train_pos_count="49" train_neg_count="13" train_log_pvalue="-5.92909" train_pvalue="1.2e-006" train_dtc="-1.0" train_bernoulli="-1" test_pos_count="5" test_neg_count="0" test_log_pvalue="-1.54032" test_pvalue="2.9e-002" test_dtc="-1.0" test_bernoulli="-1" is_palindromic="n/a" elapsed_time="7.0">
      <pos A="0.0652933" C="0.58064" G="0.150934" U="0.203133"/>
      <pos A="0.826062" C="0.172371" G="0.000616682" U="0.000951064"/>
      <pos A="0.000888811" C="0.267225" G="0.000616682" U="0.73127"/>
      <pos A="0.246074" C="0.000625311" G="0.0864893" U="0.666812"/>
      <pos A="0.000888811" C="0.976075" G="0.000616682" U="0.0224192"/>
      <pos A="0.976339" C="0.0220935" G="0.000616682" U="0.000951064"/>
      <pos A="0.172741" C="0.150902" G="0.0220848" U="0.654272"/>
      <pos A="0.0652933" C="0.0220935" G="0.0864893" U="0.826124"/>
      <pos A="0.000888811" C="0.890176" G="0.0435797" U="0.0653555"/>
      <pos A="0.911854" C="0.000625311" G="0.0220848" U="0.0654358"/>
      <pos A="0.000888811" C="0.150929" G="0.116885" U="0.731297"/>
      <pos A="0.374829" C="0.0650298" G="0.043553" U="0.516588"/>
    </motif>
    <motif id="5-UGAAUGARUG" alt="STREME-5" width="10" initial_width="10" seed="UGAAUGAAUG" score_threshold="8.02552" train_pos_count="81" train_neg_count="13" train_log_pvalue="-13.7868" train_pvalue="1.6e-014" train_dtc="-1.0" train_bernoulli="-1" test_pos_count="7" test_neg_count="1" test_log_pvalue="-1.50998" test_pvalue="3.1e-002" test_dtc="-1.0" test_bernoulli="-1" is_palindromic="n/a" elapsed_time="4.6">
      <pos A="0.101274" C="0.000389066" G="0.000383697" U="0.897953"/>
      <pos A="0.0673733" C="0.0137548" G="0.91828" U="0.000591749"/>
      <pos A="0.575047" C="0.187626" G="0.0538133" U="0.183514"/>
      <pos A="0.750566" C="0.0137465" G="0.0747736" U="0.160914"/>
      <pos A="0.0139104" C="0.0297023" G="0.000383697" U="0.956004"/>
      <pos A="0.0194654" C="0.0137465" G="0.966196" U="0.000591749"/>
      <pos A="0.636329" C="0.19309" G="0.000383697" U="0.170198"/>
      <pos A="0.437348" C="0.0404613" G="0.32894" U="0.19325"/>
      <pos A="0.0139437" C="0.0271039" G="0.0270985" U="0.931854"/>
      <pos A="0.000553015" C="0.0163283" G="0.982527" U="0.000591749"/>
    </motif>
    <motif id="6-GAAUGKGUUW" alt="STREME-6" width="10" initial_width="7" seed="GAAUGUGUUU" score_threshold="8.9829" train_pos_count="38" train_neg_count="2" train_log_pvalue="-9.42728" train_pvalue="3.7e-010" train_dtc="-1.0" train_bernoulli="-1" test_pos_count="3" test_neg_count="0" test_log_pvalue="-0.913472" test_pvalue="1.2e-001" test_dtc="-1.0" test_bernoulli="-1" is_palindromic="n/a" elapsed_time="8.1">
      <pos A="0.00127103" C="0.000894215" G="0.996475" U="0.00136005"/>
      <pos A="0.751186" C="0.246572" G="0.000881875" U="0.00136005"/>
      <pos A="0.904725" C="0.0930329" G="0.000881875" U="0.00136005"/>
      <pos A="0.15481" C="0.12381" G="0.000881875" U="0.720499"/>
      <pos A="0.00127103" C="0.000894215" G="0.996475" U="0.00136005"/>
      <pos A="0.0933715" C="0.000894215" G="0.443681" U="0.462054"/>
      <pos A="0.0319712" C="0.0929946" G="0.873674" U="0.00136005"/>
      <pos A="0.229016" C="0.000894215" G="0.0622822" U="0.707808"/>
      <pos A="0.259793" C="0.000894215" G="0.000881875" U="0.738431"/>
      <pos A="0.554103" C="0.000894215" G="0.000881875" U="0.444121"/>
    </motif>
    <motif id="7-UUGGUUUUGUK" alt="STREME-7" width="11" initial_width="8" seed="UUGGUUUUGUU" score_threshold="10.6436" train_pos_count="20" train_neg_count="0" train_log_pvalue="-6.12328" train_pvalue="7.5e-007" train_dtc="-1.0" train_bernoulli="-1" test_pos_count="2" test_neg_count="0" test_log_pvalue="-0.605493" test_pvalue="2.5e-001" test_dtc="-1.0" test_bernoulli="-1" is_palindromic="n/a" elapsed_time="9.2">
      <pos A="0.00197264" C="0.00138782" G="0.00136867" U="0.995271"/>
      <pos A="0.0496194" C="0.00138782" G="0.0490154" U="0.899977"/>
      <pos A="0.0496194" C="0.00138782" G="0.803942" U="0.145051"/>
      <pos A="0.0217877" C="0.0966813" G="0.831773" U="0.0497576"/>
      <pos A="0.0217877" C="0.00138782" G="0.00136867" U="0.975456"/>
      <pos A="0.00197264" C="0.0490346" G="0.00136867" U="0.947624"/>
      <pos A="0.00197264" C="0.0490346" G="0.0490154" U="0.899977"/>
      <pos A="0.00197264" C="0.0490346" G="0.116477" U="0.832516"/>
      <pos A="0.0972661" C="0.287863" G="0.61276" U="0.00211081"/>
      <pos A="0.00197264" C="0.0966813" G="0.00136867" U="0.899977"/>
      <pos A="0.117081" C="0.00138782" G="0.383138" U="0.498393"/>
    </motif>
    <motif id="8-UAUGUGUG" alt="STREME-8" width="8" initial_width="8" seed="UAUGUGUG" score_threshold="11.2591" train_pos_count="25" train_neg_count="1" train_log_pvalue="-6.53806" train_pvalue="2.9e-007" train_dtc="-1.0" train_bernoulli="-1" test_pos_count="1" test_neg_count="0" test_log_pvalue="-0.30103" test_pvalue="5.0e-001" test_dtc="-1.0" test_bernoulli="-1" is_palindromic="n/a" elapsed_time="10.2">
      <pos A="0.0017532" C="0.00123344" G="0.00121642" U="0.995797"/>
      <pos A="0.783414" C="0.213494" G="0.00121642" U="0.00187599"/>
      <pos A="0.0017532" C="0.0859261" G="0.00121642" U="0.911104"/>
      <pos A="0.0017532" C="0.00123344" G="0.995137" U="0.00187599"/>
      <pos A="0.214014" C="0.00123344" G="0.00121642" U="0.783536"/>
      <pos A="0.104391" C="0.00123344" G="0.722956" U="0.17142"/>
      <pos A="0.0017532" C="0.00123344" G="0.00121642" U="0.995797"/>
      <pos A="0.0017532" C="0.00123344" G="0.995137" U="0.00187599"/>
    </motif>
  </motifs>
  <reason_for_stopping>Stopped because 3 consecutive motifs exceeded the p-value threshold (0.05).</reason_for_stopping>
  <run_time cpu="10.23"/>
</STREME>
