<STREME version="5.2.0" release="Wed Oct 14 12:02:54 2020 -0700">
  <model>
    <command_line>streme -oc streme2 --rna --p Positive_sequence.txt --n Negative_sequence.txt</command_line>
    <train_positives count="212" positions="21623" file="Positive_sequence.txt"/>
    <train_negatives count="207" positions="21113" from="file" file="Negative_sequence.txt"/>
    <test_positives count="23" positions="2345"/>
    <test_negatives count="22" positions="2243"/>
    <sequence_db/>
    <alphabet name="RNA" like="rna">
      <letter id="A" symbol="A" name="Adenine" colour="CC0000"/>
      <letter id="C" symbol="C" name="Cytosine" colour="0000CC"/>
      <letter id="G" symbol="G" name="Guanine" colour="FFB300"/>
      <letter id="U" symbol="U" aliases="T" name="Uracil" colour="008000"/>
      <letter id="N" symbol="N" aliases="X." equals="ACGU" name="Any base"/>
      <letter id="V" symbol="V" equals="ACG" name="Not U"/>
      <letter id="H" symbol="H" equals="ACU" name="Not G"/>
      <letter id="D" symbol="D" equals="AGU" name="Not C"/>
      <letter id="B" symbol="B" equals="CGU" name="Not A"/>
      <letter id="M" symbol="M" equals="AC" name="Amino"/>
      <letter id="R" symbol="R" equals="AG" name="Purine"/>
      <letter id="W" symbol="W" equals="AU" name="Weak"/>
      <letter id="S" symbol="S" equals="CG" name="Strong"/>
      <letter id="Y" symbol="Y" equals="CU" name="Pyrimidine"/>
      <letter id="K" symbol="K" equals="GU" name="Keto"/>
    </alphabet>
    <strands>none</strands>
    <background A="0.294" C="0.195" G="0.193" U="0.318" from="dataset"/>
    <stop pvt="0.05"/>
    <objfun>Differential Enrichment</objfun>
    <test>Fisher Exact Test</test>
    <minw>8</minw>
    <maxw>15</maxw>
    <kmer>3</kmer>
    <hofract>0.1</hofract>
    <neval>25</neval>
    <nref>4</nref>
    <niter>20</niter>
    <patience>3</patience>
    <seed>0</seed>
    <useer>no</useer>
    <minscore>0</minscore>
    <ignore_depth>5</ignore_depth>
    <nsubsets>1</nsubsets>
    <min_pal_ratio>0.85</min_pal_ratio>
    <max_pal_ed>5</max_pal_ed>
    <cand>no</cand>
    <experimental>no</experimental>
    <totallength>0</totallength>
    <host>DESKTOP-HL7FMNH</host>
  </model>
  <motifs>
    <motif id="1-UGGGCACUY" alt="STREME-1" width="9" initial_width="6" seed="UGGGCACUU" score_threshold="8.53882" train_pos_count="40" train_neg_count="3" train_log_pvalue="-9.38016" train_pvalue="4.2e-010" train_dtc="-1.0" train_bernoulli="-1" test_pos_count="7" test_neg_count="0" test_log_pvalue="-2.26742" test_pvalue="5.4e-003" test_dtc="-1.0" test_bernoulli="-1" is_palindromic="n/a" elapsed_time="5.3">
      <pos A="0.0208799" C="0.101173" G="0.0147815" U="0.863165"/>
      <pos A="0.0065064" C="0.00041035" G="0.871339" U="0.121744"/>
      <pos A="0.199893" C="0.0147839" G="0.668814" U="0.116509"/>
      <pos A="0.130254" C="0.0435802" G="0.609446" U="0.216719"/>
      <pos A="0.00061985" C="0.911637" G="0.000408029" U="0.0873349"/>
      <pos A="0.868951" C="0.0291574" G="0.10122" U="0.000671539"/>
      <pos A="0.231042" C="0.530843" G="0.237443" U="0.000671539"/>
      <pos A="0.0928462" C="0.158965" G="0.000408029" U="0.747781"/>
      <pos A="0.0725615" C="0.332117" G="0.0580505" U="0.537271"/>
    </motif>
    <motif id="2-AAAUAUAAUCAC" alt="STREME-2" width="12" initial_width="12" seed="AAAUAUAAUCAC" score_threshold="10.6057" train_pos_count="25" train_neg_count="0" train_log_pvalue="-7.71947" train_pvalue="1.9e-008" train_dtc="-1.0" train_bernoulli="-1" test_pos_count="6" test_neg_count="0" test_log_pvalue="-1.9068" test_pvalue="1.2e-002" test_dtc="-1.0" test_bernoulli="-1" is_palindromic="n/a" elapsed_time="3.1">
      <pos A="0.95449" C="0.00117725" G="0.0424065" U="0.00192657"/>
      <pos A="0.871592" C="0.00117725" G="0.00117059" U="0.12606"/>
      <pos A="0.95449" C="0.00117725" G="0.00117059" U="0.0431625"/>
      <pos A="0.208525" C="0.0424132" G="0.12502" U="0.624042"/>
      <pos A="0.95449" C="0.00117725" G="0.0424065" U="0.00192657"/>
      <pos A="0.00177828" C="0.125027" G="0.00117059" U="0.872024"/>
      <pos A="0.995726" C="0.00117725" G="0.00117059" U="0.00192657"/>
      <pos A="0.995726" C="0.00117725" G="0.00117059" U="0.00192657"/>
      <pos A="0.167148" C="0.00117725" G="0.00117059" U="0.830504"/>
      <pos A="0.00177828" C="0.705906" G="0.083784" U="0.208532"/>
      <pos A="0.830356" C="0.00117725" G="0.16654" U="0.00192657"/>
      <pos A="0.00177828" C="0.705906" G="0.16654" U="0.125776"/>
    </motif>
    <motif id="3-CCUKSUVUAMUGCA" alt="STREME-3" width="14" initial_width="14" seed="CCUGCUGUACUGCA" score_threshold="8.79378" train_pos_count="45" train_neg_count="0" train_log_pvalue="-14.437" train_pvalue="3.7e-015" train_dtc="-1.0" train_bernoulli="-1" test_pos_count="5" test_neg_count="0" test_log_pvalue="-1.56001" test_pvalue="2.8e-002" test_dtc="-1.0" test_bernoulli="-1" is_palindromic="n/a" elapsed_time="2.2">
      <pos A="0.0630763" C="0.935367" G="0.000588402" U="0.000968399"/>
      <pos A="0.125365" C="0.790097" G="0.000588402" U="0.0839494"/>
      <pos A="0.146057" C="0.000591749" G="0.000588402" U="0.852763"/>
      <pos A="0.0216213" C="0.000591749" G="0.561771" U="0.416016"/>
      <pos A="0.0630763" C="0.499592" G="0.332513" U="0.10482"/>
      <pos A="0.125401" C="0.000591749" G="0.000588402" U="0.873419"/>
      <pos A="0.270564" C="0.249535" G="0.478932" U="0.000968399"/>
      <pos A="0.00089386" C="0.166554" G="0.0213159" U="0.811236"/>
      <pos A="0.748944" C="0.228772" G="0.000588402" U="0.0216959"/>
      <pos A="0.270493" C="0.458137" G="0.145752" U="0.125618"/>
      <pos A="0.166785" C="0.000591749" G="0.125024" U="0.707599"/>
      <pos A="0.24998" C="0.124957" G="0.603332" U="0.0217314"/>
      <pos A="0.00089386" C="0.997549" G="0.000588402" U="0.000968399"/>
      <pos A="0.935598" C="0.000591749" G="0.000588402" U="0.063222"/>
    </motif>
    <motif id="4-AUUGUGCAC" alt="STREME-4" width="9" initial_width="12" seed="AUUGUGCAC" score_threshold="9.95168" train_pos_count="20" train_neg_count="1" train_log_pvalue="-5.06325" train_pvalue="8.6e-006" train_dtc="-1.0" train_bernoulli="-1" test_pos_count="5" test_neg_count="0" test_log_pvalue="-1.56001" test_pvalue="2.8e-002" test_dtc="-1.0" test_bernoulli="-1" is_palindromic="n/a" elapsed_time="8.4">
      <pos A="0.896074" C="0.0508129" G="0.00140242" U="0.0517107"/>
      <pos A="0.00213046" C="0.00141039" G="0.00140242" U="0.995057"/>
      <pos A="0.199825" C="0.0508129" G="0.00140242" U="0.747959"/>
      <pos A="0.250166" C="0.00141039" G="0.547483" U="0.200941"/>
      <pos A="0.00213046" C="0.200043" G="0.00140242" U="0.796424"/>
      <pos A="0.00213046" C="0.0508129" G="0.944748" U="0.00230811"/>
      <pos A="0.00213046" C="0.895269" G="0.050805" U="0.0517954"/>
      <pos A="0.994879" C="0.00141039" G="0.00140242" U="0.00230811"/>
      <pos A="0.00213046" C="0.994159" G="0.00140242" U="0.00230811"/>
    </motif>
    <motif id="5-AAAGGGGCC" alt="STREME-5" width="9" initial_width="9" seed="AAAGGGGCC" score_threshold="6.34063" train_pos_count="93" train_neg_count="20" train_log_pvalue="-15.272" train_pvalue="5.3e-016" train_dtc="-1.0" train_bernoulli="-1" test_pos_count="12" test_neg_count="5" test_log_pvalue="-1.38601" test_pvalue="4.1e-002" test_dtc="-1.0" test_bernoulli="-1" is_palindromic="n/a" elapsed_time="1.1">
      <pos A="0.674603" C="0.0812307" G="0.0812465" U="0.162919"/>
      <pos A="0.796606" C="0.101532" G="0.0305553" U="0.071307"/>
      <pos A="0.867494" C="0.0509449" G="0.0104108" U="0.0711506"/>
      <pos A="0.0510744" C="0.0103777" G="0.841029" U="0.097519"/>
      <pos A="0.126148" C="0.0711588" G="0.741511" U="0.0611826"/>
      <pos A="0.0205267" C="0.000288048" G="0.867135" U="0.11205"/>
      <pos A="0.020649" C="0.0103777" G="0.866835" U="0.102138"/>
      <pos A="0.181963" C="0.649165" G="0.000286419" U="0.168585"/>
      <pos A="0.249227" C="0.541998" G="0.010376" U="0.198399"/>
    </motif>
    <motif id="6-GAGURGGAM" alt="STREME-6" width="9" initial_width="9" seed="GAGUAGGAC" score_threshold="8.71024" train_pos_count="47" train_neg_count="3" train_log_pvalue="-11.5911" train_pvalue="2.6e-012" train_dtc="-1.0" train_bernoulli="-1" test_pos_count="3" test_neg_count="0" test_log_pvalue="-0.903764" test_pvalue="1.2e-001" test_dtc="-1.0" test_bernoulli="-1" is_palindromic="n/a" elapsed_time="4.4">
      <pos A="0.000942878" C="0.000624199" G="0.843911" U="0.154522"/>
      <pos A="0.82267" C="0.0224883" G="0.15382" U="0.0010215"/>
      <pos A="0.000942878" C="0.0444275" G="0.88779" U="0.0668396"/>
      <pos A="0.000942878" C="0.175838" G="0.000620669" U="0.822598"/>
      <pos A="0.660366" C="0.000624199" G="0.337988" U="0.0010215"/>
      <pos A="0.0755646" C="0.000624199" G="0.92279" U="0.0010215"/>
      <pos A="0.0447462" C="0.000624199" G="0.953608" U="0.0010215"/>
      <pos A="0.581638" C="0.000624199" G="0.197548" U="0.220189"/>
      <pos A="0.35137" C="0.559531" G="0.000620669" U="0.0884781"/>
    </motif>
    <motif id="7-AUGGRAUDRGC" alt="STREME-7" width="11" initial_width="13" seed="AUGGGAUGGGC" score_threshold="8.2495" train_pos_count="32" train_neg_count="0" train_log_pvalue="-10.0111" train_pvalue="9.7e-011" train_dtc="-1.0" train_bernoulli="-1" test_pos_count="4" test_neg_count="2" test_log_pvalue="-0.450488" test_pvalue="3.5e-001" test_dtc="-1.0" test_bernoulli="-1" is_palindromic="n/a" elapsed_time="6.3">
      <pos A="0.816084" C="0.000858789" G="0.0610164" U="0.122041"/>
      <pos A="0.24288" C="0.000858789" G="0.181445" U="0.574816"/>
      <pos A="0.21228" C="0.000858789" G="0.785456" U="0.00140541"/>
      <pos A="0.242776" C="0.000858789" G="0.75496" U="0.00140541"/>
      <pos A="0.333227" C="0.000858789" G="0.664509" U="0.00140541"/>
      <pos A="0.936719" C="0.000858789" G="0.000853932" U="0.0615679"/>
      <pos A="0.0313785" C="0.000858789" G="0.000853932" U="0.966909"/>
      <pos A="0.242464" C="0.121494" G="0.423342" U="0.2127"/>
      <pos A="0.453759" C="0.000858789" G="0.543976" U="0.00140541"/>
      <pos A="0.00129724" C="0.000858789" G="0.905884" U="0.0919596"/>
      <pos A="0.0614597" C="0.876118" G="0.0610164" U="0.00140541"/>
    </motif>
    <motif id="8-CAAAGAAAAUK" alt="STREME-8" width="11" initial_width="6" seed="CAAAGAAAAUG" score_threshold="6.95235" train_pos_count="29" train_neg_count="2" train_log_pvalue="-6.87953" train_pvalue="1.3e-007" train_dtc="-1.0" train_bernoulli="-1" test_pos_count="1" test_neg_count="0" test_log_pvalue="-0.291485" test_pvalue="5.1e-001" test_dtc="-1.0" test_bernoulli="-1" is_palindromic="n/a" elapsed_time="11.3">
      <pos A="0.208861" C="0.665778" G="0.122544" U="0.00281782"/>
      <pos A="0.993748" C="0.00172186" G="0.00171212" U="0.00281782"/>
      <pos A="0.812604" C="0.0620341" G="0.122544" U="0.00281782"/>
      <pos A="0.752292" C="0.0620341" G="0.0620244" U="0.123649"/>
      <pos A="0.00260093" C="0.00172186" G="0.992859" U="0.00281782"/>
      <pos A="0.993748" C="0.00172186" G="0.00171212" U="0.00281782"/>
      <pos A="0.993748" C="0.00172186" G="0.00171212" U="0.00281782"/>
      <pos A="0.993748" C="0.00172186" G="0.00171212" U="0.00281782"/>
      <pos A="0.752292" C="0.0620341" G="0.182856" U="0.00281782"/>
      <pos A="0.268757" C="0.00172186" G="0.00171212" U="0.727809"/>
      <pos A="0.0629132" C="0.00172186" G="0.449012" U="0.486353"/>
    </motif>
  </motifs>
  <reason_for_stopping>Stopped because 3 consecutive motifs exceeded the p-value threshold (0.05).</reason_for_stopping>
  <run_time cpu="12.86"/>
</STREME>
