<STREME version="5.2.0" release="Wed Oct 14 12:02:54 2020 -0700">
  <model>
    <command_line>streme -oc streme9 --rna --p Positive_sequence.txt --n Negative_sequence.txt</command_line>
    <train_positives count="216" positions="22031" file="Positive_sequence.txt"/>
    <train_negatives count="216" positions="22031" from="file" file="Negative_sequence.txt"/>
    <test_positives count="24" positions="2447"/>
    <test_negatives count="24" positions="2447"/>
    <sequence_db/>
    <alphabet name="RNA" like="rna">
      <letter id="A" symbol="A" name="Adenine" colour="CC0000"/>
      <letter id="C" symbol="C" name="Cytosine" colour="0000CC"/>
      <letter id="G" symbol="G" name="Guanine" colour="FFB300"/>
      <letter id="U" symbol="U" aliases="T" name="Uracil" colour="008000"/>
      <letter id="N" symbol="N" aliases="X." equals="ACGU" name="Any base"/>
      <letter id="V" symbol="V" equals="ACG" name="Not U"/>
      <letter id="H" symbol="H" equals="ACU" name="Not G"/>
      <letter id="D" symbol="D" equals="AGU" name="Not C"/>
      <letter id="B" symbol="B" equals="CGU" name="Not A"/>
      <letter id="M" symbol="M" equals="AC" name="Amino"/>
      <letter id="R" symbol="R" equals="AG" name="Purine"/>
      <letter id="W" symbol="W" equals="AU" name="Weak"/>
      <letter id="S" symbol="S" equals="CG" name="Strong"/>
      <letter id="Y" symbol="Y" equals="CU" name="Pyrimidine"/>
      <letter id="K" symbol="K" equals="GU" name="Keto"/>
    </alphabet>
    <strands>none</strands>
    <background A="0.294" C="0.224" G="0.231" U="0.251" from="dataset"/>
    <stop pvt="0.05"/>
    <objfun>Differential Enrichment</objfun>
    <test>Fisher Exact Test</test>
    <minw>8</minw>
    <maxw>15</maxw>
    <kmer>3</kmer>
    <hofract>0.1</hofract>
    <neval>25</neval>
    <nref>4</nref>
    <niter>20</niter>
    <patience>3</patience>
    <seed>0</seed>
    <useer>no</useer>
    <minscore>0</minscore>
    <ignore_depth>5</ignore_depth>
    <nsubsets>1</nsubsets>
    <min_pal_ratio>0.85</min_pal_ratio>
    <max_pal_ed>5</max_pal_ed>
    <cand>no</cand>
    <experimental>no</experimental>
    <totallength>0</totallength>
    <host>DESKTOP-HL7FMNH</host>
  </model>
  <motifs>
    <motif id="1-UUUCUURKD" alt="STREME-1" width="9" initial_width="8" seed="UUUCUUGUG" score_threshold="7.40894" train_pos_count="79" train_neg_count="19" train_log_pvalue="-11.7769" train_pvalue="1.7e-012" train_dtc="-1.0" train_bernoulli="-1" test_pos_count="6" test_neg_count="1" test_log_pvalue="-1.3136" test_pvalue="4.9e-002" test_dtc="-1.0" test_bernoulli="-1" is_palindromic="n/a" elapsed_time="0.9">
      <pos A="0.011536" C="0.000357322" G="0.100045" U="0.888061"/>
      <pos A="0.0890412" C="0.0667956" G="0.0667705" U="0.777393"/>
      <pos A="0.153574" C="0.0667586" G="0.0335699" U="0.746097"/>
      <pos A="0.20444" C="0.66431" G="0.0824924" U="0.048758"/>
      <pos A="0.0447366" C="0.0713394" G="0.000369296" U="0.883555"/>
      <pos A="0.000469085" C="0.000357322" G="0.000369296" U="0.998804"/>
      <pos A="0.40841" C="0.0238346" G="0.478633" U="0.0891221"/>
      <pos A="0.0493174" C="0.000357322" G="0.349317" U="0.601008"/>
      <pos A="0.226499" C="0.000357322" G="0.322491" U="0.450653"/>
    </motif>
    <motif id="2-AUGGGAAAA" alt="STREME-2" width="9" initial_width="13" seed="AUGGGAAAA" score_threshold="6.81675" train_pos_count="53" train_neg_count="9" train_log_pvalue="-9.39935" train_pvalue="4.0e-010" train_dtc="-1.0" train_bernoulli="-1" test_pos_count="5" test_neg_count="2" test_log_pvalue="-0.682145" test_pvalue="2.1e-001" test_dtc="-1.0" test_bernoulli="-1" is_palindromic="n/a" elapsed_time="1.7">
      <pos A="0.767224" C="0.000620525" G="0.0198601" U="0.212296"/>
      <pos A="0.000814613" C="0.000620525" G="0.116342" U="0.882223"/>
      <pos A="0.143494" C="0.0198393" G="0.778314" U="0.0583524"/>
      <pos A="0.124211" C="0.0391224" G="0.739812" U="0.0968543"/>
      <pos A="0.116321" C="0.000620525" G="0.816751" U="0.0663075"/>
      <pos A="0.863382" C="0.000620525" G="0.00064132" U="0.135356"/>
      <pos A="0.959604" C="0.000620525" G="0.0198601" U="0.019915"/>
      <pos A="0.624673" C="0.0854506" G="0.212176" U="0.0777"/>
      <pos A="0.528579" C="0.258548" G="0.0582975" U="0.154575"/>
    </motif>
    <motif id="3-AUACAUUWU" alt="STREME-3" width="9" initial_width="7" seed="AUACAUUUU" score_threshold="7.08608" train_pos_count="48" train_neg_count="11" train_log_pvalue="-6.9927" train_pvalue="1.0e-007" train_dtc="-1.0" train_bernoulli="-1" test_pos_count="2" test_neg_count="1" test_log_pvalue="-0.30103" test_pvalue="5.0e-001" test_dtc="-1.0" test_bernoulli="-1" is_palindromic="n/a" elapsed_time="3.2">
      <pos A="0.890835" C="0.107313" G="0.000888079" U="0.000964101"/>
      <pos A="0.0277415" C="0.0540862" G="0.000888079" U="0.917284"/>
      <pos A="0.693525" C="0.000859282" G="0.118358" U="0.187258"/>
      <pos A="0.00112805" C="0.677569" G="0.000888079" U="0.320415"/>
      <pos A="0.944062" C="0.0540862" G="0.000888079" U="0.000964101"/>
      <pos A="0.134195" C="0.000859282" G="0.107342" U="0.757603"/>
      <pos A="0.00112805" C="0.000859282" G="0.160658" U="0.837355"/>
      <pos A="0.38509" C="0.000859282" G="0.000888079" U="0.613163"/>
      <pos A="0.134285" C="0.000859282" G="0.171585" U="0.693271"/>
    </motif>
    <motif id="4-AAGKUCMUARMWWWW" alt="STREME-4" width="15" initial_width="11" seed="AAGGUCCUAACAACC" score_threshold="9.42262" train_pos_count="21" train_neg_count="0" train_log_pvalue="-6.54335" train_pvalue="2.9e-007" train_dtc="-1.0" train_bernoulli="-1" test_pos_count="1" test_neg_count="1" test_log_pvalue="-0.12187" test_pvalue="7.6e-001" test_dtc="-1.0" test_bernoulli="-1" is_palindromic="n/a" elapsed_time="2.5">
      <pos A="0.796442" C="0.100853" G="0.00165598" U="0.101049"/>
      <pos A="0.945319" C="0.00160228" G="0.0512814" U="0.00179773"/>
      <pos A="0.00210344" C="0.00160228" G="0.994497" U="0.00179773"/>
      <pos A="0.00210344" C="0.00160228" G="0.448451" U="0.547843"/>
      <pos A="0.200605" C="0.00160228" G="0.00165598" U="0.796137"/>
      <pos A="0.250397" C="0.547648" G="0.0512814" U="0.150674"/>
      <pos A="0.299856" C="0.498189" G="0.200158" U="0.00179773"/>
      <pos A="0.299856" C="0.00160228" G="0.0512814" U="0.647261"/>
      <pos A="0.597775" C="0.150478" G="0.249949" U="0.00179773"/>
      <pos A="0.548149" C="0.00160228" G="0.448451" U="0.00179773"/>
      <pos A="0.448898" C="0.398772" G="0.100907" U="0.0514231"/>
      <pos A="0.597775" C="0.00160228" G="0.0512814" U="0.349342"/>
      <pos A="0.498524" C="0.00160228" G="0.00165598" U="0.498218"/>
      <pos A="0.349481" C="0.0512277" G="0.00165598" U="0.597635"/>
      <pos A="0.300188" C="0.200104" G="0.00165598" U="0.498052"/>
    </motif>
  </motifs>
  <reason_for_stopping>Stopped because 3 consecutive motifs exceeded the p-value threshold (0.05).</reason_for_stopping>
  <run_time cpu="3.23"/>
</STREME>
