<STREME version="5.2.0" release="Wed Oct 14 12:02:54 2020 -0700">
  <model>
    <command_line>streme -oc streme15 --rna --p Positive_sequence.txt --n Negative_sequence.txt</command_line>
    <train_positives count="425" positions="43349" file="Positive_sequence.txt"/>
    <train_negatives count="615" positions="62729" from="file" file="Negative_sequence.txt"/>
    <test_positives count="47" positions="4793"/>
    <test_negatives count="68" positions="6935"/>
    <sequence_db/>
    <alphabet name="RNA" like="rna">
      <letter id="A" symbol="A" name="Adenine" colour="CC0000"/>
      <letter id="C" symbol="C" name="Cytosine" colour="0000CC"/>
      <letter id="G" symbol="G" name="Guanine" colour="FFB300"/>
      <letter id="U" symbol="U" aliases="T" name="Uracil" colour="008000"/>
      <letter id="N" symbol="N" aliases="X." equals="ACGU" name="Any base"/>
      <letter id="V" symbol="V" equals="ACG" name="Not U"/>
      <letter id="H" symbol="H" equals="ACU" name="Not G"/>
      <letter id="D" symbol="D" equals="AGU" name="Not C"/>
      <letter id="B" symbol="B" equals="CGU" name="Not A"/>
      <letter id="M" symbol="M" equals="AC" name="Amino"/>
      <letter id="R" symbol="R" equals="AG" name="Purine"/>
      <letter id="W" symbol="W" equals="AU" name="Weak"/>
      <letter id="S" symbol="S" equals="CG" name="Strong"/>
      <letter id="Y" symbol="Y" equals="CU" name="Pyrimidine"/>
      <letter id="K" symbol="K" equals="GU" name="Keto"/>
    </alphabet>
    <strands>none</strands>
    <background A="0.295" C="0.208" G="0.216" U="0.281" from="dataset"/>
    <stop pvt="0.05"/>
    <objfun>Differential Enrichment</objfun>
    <test>Fisher Exact Test</test>
    <minw>8</minw>
    <maxw>15</maxw>
    <kmer>3</kmer>
    <hofract>0.1</hofract>
    <neval>25</neval>
    <nref>4</nref>
    <niter>20</niter>
    <patience>3</patience>
    <seed>0</seed>
    <useer>no</useer>
    <minscore>0</minscore>
    <ignore_depth>5</ignore_depth>
    <nsubsets>1</nsubsets>
    <min_pal_ratio>0.85</min_pal_ratio>
    <max_pal_ed>5</max_pal_ed>
    <cand>no</cand>
    <experimental>no</experimental>
    <totallength>0</totallength>
    <host>DESKTOP-HL7FMNH</host>
  </model>
  <motifs>
    <motif id="1-GAAUUCYA" alt="STREME-1" width="8" initial_width="8" seed="GAAUUCCA" score_threshold="7.31575" train_pos_count="109" train_neg_count="36" train_log_pvalue="-18.7967" train_pvalue="1.6e-019" train_dtc="-1.0" train_bernoulli="-1" test_pos_count="7" test_neg_count="3" test_log_pvalue="-1.27403" test_pvalue="5.3e-002" test_dtc="-1.0" test_bernoulli="-1" is_palindromic="n/a" elapsed_time="1.4">
      <pos A="0.000541242" C="0.000381621" G="0.914237" U="0.08484"/>
      <pos A="0.873371" C="0.0370161" G="0.0705761" U="0.0190364"/>
      <pos A="0.957204" C="0.0418846" G="0.000396116" U="0.000515556"/>
      <pos A="0.000541242" C="0.000381621" G="0.000396116" U="0.998681"/>
      <pos A="0.000541242" C="0.000381621" G="0.000396116" U="0.998681"/>
      <pos A="0.0233394" C="0.975749" G="0.000396116" U="0.000515556"/>
      <pos A="0.000541242" C="0.595822" G="0.0332301" U="0.370407"/>
      <pos A="0.676901" C="0.180843" G="0.14174" U="0.000515556"/>
    </motif>
    <motif id="2-GSUGGAAUUYUBK" alt="STREME-2" width="13" initial_width="13" seed="GGUGGAAUUCUUU" score_threshold="11.1063" train_pos_count="25" train_neg_count="0" train_log_pvalue="-9.90246" train_pvalue="1.3e-010" train_dtc="-1.0" train_bernoulli="-1" test_pos_count="1" test_neg_count="1" test_log_pvalue="-0.185433" test_pvalue="6.5e-001" test_dtc="-1.0" test_bernoulli="-1" is_palindromic="n/a" elapsed_time="2.6">
      <pos A="0.233526" C="0.0339763" G="0.598637" U="0.133861"/>
      <pos A="0.0010947" C="0.399226" G="0.598637" U="0.00104275"/>
      <pos A="0.0010947" C="0.000771854" G="0.00080117" U="0.997332"/>
      <pos A="0.0010947" C="0.0339763" G="0.864273" U="0.100656"/>
      <pos A="0.0010947" C="0.000771854" G="0.997091" U="0.00104275"/>
      <pos A="0.930975" C="0.000771854" G="0.0340056" U="0.0342472"/>
      <pos A="0.864566" C="0.0671808" G="0.00080117" U="0.0674517"/>
      <pos A="0.0010947" C="0.0339763" G="0.200028" U="0.764901"/>
      <pos A="0.0675036" C="0.0671808" G="0.00080117" U="0.864514"/>
      <pos A="0.0010947" C="0.532199" G="0.133619" U="0.333087"/>
      <pos A="0.167117" C="0.000771854" G="0.200028" U="0.632083"/>
      <pos A="0.0010947" C="0.332817" G="0.299641" U="0.366447"/>
      <pos A="0.233526" C="0.000771854" G="0.266437" U="0.499265"/>
    </motif>
    <motif id="3-CACCCACAMAGCC" alt="STREME-3" width="13" initial_width="8" seed="CACCCACACAGCC" score_threshold="12.0431" train_pos_count="23" train_neg_count="0" train_log_pvalue="-9.09562" train_pvalue="8.0e-010" train_dtc="-1.0" train_bernoulli="-1" test_pos_count="0" test_neg_count="0" test_log_pvalue="0" test_pvalue="1.0e+000" test_dtc="-1.0" test_bernoulli="-1" is_palindromic="n/a" elapsed_time="3.6">
      <pos A="0.13128" C="0.650006" G="0.217355" U="0.0013586"/>
      <pos A="0.866805" C="0.00100565" G="0.0875683" U="0.0446208"/>
      <pos A="0.00142628" C="0.866385" G="0.0875683" U="0.0446208"/>
      <pos A="0.00142628" C="0.909647" G="0.00104385" U="0.087883"/>
      <pos A="0.0879507" C="0.866385" G="0.00104385" U="0.0446208"/>
      <pos A="0.996592" C="0.00100565" G="0.00104385" U="0.0013586"/>
      <pos A="0.00142628" C="0.77986" G="0.217355" U="0.0013586"/>
      <pos A="0.693756" C="0.0442679" G="0.13083" U="0.131145"/>
      <pos A="0.52064" C="0.476957" G="0.00104385" U="0.0013586"/>
      <pos A="0.737019" C="0.0442679" G="0.00104385" U="0.21767"/>
      <pos A="0.0880181" C="0.174054" G="0.736569" U="0.0013586"/>
      <pos A="0.0446885" C="0.823122" G="0.0443061" U="0.087883"/>
      <pos A="0.131213" C="0.77986" G="0.0875683" U="0.0013586"/>
    </motif>
  </motifs>
  <reason_for_stopping>Stopped because 3 consecutive motifs exceeded the p-value threshold (0.05).</reason_for_stopping>
  <run_time cpu="3.67"/>
</STREME>
