<STREME version="5.2.0" release="Wed Oct 14 12:02:54 2020 -0700">
  <model>
    <command_line>streme -oc streme13 --rna --p Positive_sequence.txt --n Negative_sequence.txt</command_line>
    <train_positives count="302" positions="30803" file="Positive_sequence.txt"/>
    <train_negatives count="262" positions="26723" from="file" file="Negative_sequence.txt"/>
    <test_positives count="33" positions="3365"/>
    <test_negatives count="29" positions="2957"/>
    <sequence_db/>
    <alphabet name="RNA" like="rna">
      <letter id="A" symbol="A" name="Adenine" colour="CC0000"/>
      <letter id="C" symbol="C" name="Cytosine" colour="0000CC"/>
      <letter id="G" symbol="G" name="Guanine" colour="FFB300"/>
      <letter id="U" symbol="U" aliases="T" name="Uracil" colour="008000"/>
      <letter id="N" symbol="N" aliases="X." equals="ACGU" name="Any base"/>
      <letter id="V" symbol="V" equals="ACG" name="Not U"/>
      <letter id="H" symbol="H" equals="ACU" name="Not G"/>
      <letter id="D" symbol="D" equals="AGU" name="Not C"/>
      <letter id="B" symbol="B" equals="CGU" name="Not A"/>
      <letter id="M" symbol="M" equals="AC" name="Amino"/>
      <letter id="R" symbol="R" equals="AG" name="Purine"/>
      <letter id="W" symbol="W" equals="AU" name="Weak"/>
      <letter id="S" symbol="S" equals="CG" name="Strong"/>
      <letter id="Y" symbol="Y" equals="CU" name="Pyrimidine"/>
      <letter id="K" symbol="K" equals="GU" name="Keto"/>
    </alphabet>
    <strands>none</strands>
    <background A="0.287" C="0.206" G="0.213" U="0.294" from="dataset"/>
    <stop pvt="0.05"/>
    <objfun>Differential Enrichment</objfun>
    <test>Fisher Exact Test</test>
    <minw>8</minw>
    <maxw>15</maxw>
    <kmer>3</kmer>
    <hofract>0.1</hofract>
    <neval>25</neval>
    <nref>4</nref>
    <niter>20</niter>
    <patience>3</patience>
    <seed>0</seed>
    <useer>no</useer>
    <minscore>0</minscore>
    <ignore_depth>5</ignore_depth>
    <nsubsets>1</nsubsets>
    <min_pal_ratio>0.85</min_pal_ratio>
    <max_pal_ed>5</max_pal_ed>
    <cand>no</cand>
    <experimental>no</experimental>
    <totallength>0</totallength>
    <host>DESKTOP-HL7FMNH</host>
  </model>
  <motifs>
    <motif id="1-ACUCUGCA" alt="STREME-1" width="8" initial_width="6" seed="ACUCUGCA" score_threshold="5.97421" train_pos_count="83" train_neg_count="22" train_log_pvalue="-8.65369" train_pvalue="2.2e-009" train_dtc="-1.0" train_bernoulli="-1" test_pos_count="11" test_neg_count="3" test_log_pvalue="-1.52472" test_pvalue="3.0e-002" test_dtc="-1.0" test_bernoulli="-1" is_palindromic="n/a" elapsed_time="2.6">
      <pos A="0.713965" C="0.14684" G="0.110486" U="0.0287089"/>
      <pos A="0.0286457" C="0.815417" G="0.0557786" U="0.100158"/>
      <pos A="0.0834207" C="0.0557453" G="0.110486" U="0.750348"/>
      <pos A="0.138297" C="0.739296" G="0.0663447" U="0.0560626"/>
      <pos A="0.0560332" C="0.11052" G="0.055711" U="0.777736"/>
      <pos A="0.0561687" C="0.000902701" G="0.941641" U="0.00128763"/>
      <pos A="0.111215" C="0.886561" G="0.000936021" U="0.00128763"/>
      <pos A="0.90401" C="0.0557453" G="0.0389572" U="0.00128763"/>
    </motif>
    <motif id="2-UYGUAUGCYGUCU" alt="STREME-2" width="13" initial_width="8" seed="UUGUAUGCUGUCU" score_threshold="9.02293" train_pos_count="46" train_neg_count="0" train_log_pvalue="-13.2285" train_pvalue="5.9e-014" train_dtc="-1.0" train_bernoulli="-1" test_pos_count="5" test_neg_count="0" test_log_pvalue="-1.43561" test_pvalue="3.7e-002" test_dtc="-1.0" test_bernoulli="-1" is_palindromic="n/a" elapsed_time="0.6">
      <pos A="0.14005" C="0.0934205" G="0.0239559" U="0.742574"/>
      <pos A="0.14005" C="0.510549" G="0.0471202" U="0.302282"/>
      <pos A="0.0937212" C="0.0239278" G="0.788548" U="0.0938033"/>
      <pos A="0.0473927" C="0.000763502" G="0.139834" U="0.812009"/>
      <pos A="0.696106" C="0.278849" G="0.000791684" U="0.0242533"/>
      <pos A="0.00106423" C="0.0703134" G="0.000791684" U="0.927831"/>
      <pos A="0.0242285" C="0.163028" G="0.695776" U="0.116968"/>
      <pos A="0.00106423" C="0.997055" G="0.000791684" U="0.00108908"/>
      <pos A="0.2096" C="0.487327" G="0.0239559" U="0.279117"/>
      <pos A="0.070557" C="0.23252" G="0.510462" U="0.18646"/>
      <pos A="0.0242285" C="0.0702563" G="0.0702844" U="0.835231"/>
      <pos A="0.0242285" C="0.950727" G="0.000791684" U="0.0242533"/>
      <pos A="0.070557" C="0.0702563" G="0.000791684" U="0.858395"/>
    </motif>
    <motif id="3-GAAGGAAKAC" alt="STREME-3" width="10" initial_width="12" seed="GAAGGAAGAC" score_threshold="8.35225" train_pos_count="33" train_neg_count="0" train_log_pvalue="-9.32547" train_pvalue="4.7e-010" train_dtc="-1.0" train_bernoulli="-1" test_pos_count="5" test_neg_count="0" test_log_pvalue="-1.43561" test_pvalue="3.7e-002" test_dtc="-1.0" test_bernoulli="-1" is_palindromic="n/a" elapsed_time="2.1">
      <pos A="0.00147371" C="0.0972885" G="0.89973" U="0.00150811"/>
      <pos A="0.900107" C="0.00105727" G="0.0973275" U="0.00150811"/>
      <pos A="0.739643" C="0.225676" G="0.0010963" U="0.0335852"/>
      <pos A="0.226092" C="0.00105727" G="0.707109" U="0.0657414"/>
      <pos A="0.0656278" C="0.00105727" G="0.931807" U="0.00150811"/>
      <pos A="0.643332" C="0.257832" G="0.0652504" U="0.0335852"/>
      <pos A="0.964261" C="0.00105727" G="0.0331734" U="0.00150811"/>
      <pos A="0.0335508" C="0.225676" G="0.48249" U="0.258283"/>
      <pos A="0.900107" C="0.00105727" G="0.0973275" U="0.00150811"/>
      <pos A="0.00147371" C="0.899691" G="0.0010963" U="0.0977393"/>
    </motif>
    <motif id="4-CUGAUAGA" alt="STREME-4" width="8" initial_width="4" seed="CUGAUAGA" score_threshold="9.01789" train_pos_count="19" train_neg_count="0" train_log_pvalue="-5.27212" train_pvalue="5.3e-006" train_dtc="-1.0" train_bernoulli="-1" test_pos_count="4" test_neg_count="0" test_log_pvalue="-1.13458" test_pvalue="7.3e-002" test_dtc="-1.0" test_bernoulli="-1" is_palindromic="n/a" elapsed_time="3.9">
      <pos A="0.00237273" C="0.941789" G="0.00176508" U="0.0540735"/>
      <pos A="0.0540181" C="0.00170225" G="0.105056" U="0.839224"/>
      <pos A="0.00237273" C="0.0103797" G="0.984819" U="0.00242812"/>
      <pos A="0.890686" C="0.00170225" G="0.105183" U="0.00242812"/>
      <pos A="0.00237273" C="0.208667" G="0.0534105" U="0.73555"/>
      <pos A="0.839168" C="0.0533476" G="0.0534105" U="0.0540735"/>
      <pos A="0.261881" C="0.00170225" G="0.733988" U="0.00242812"/>
      <pos A="0.890814" C="0.00170225" G="0.0534105" U="0.0540735"/>
    </motif>
    <motif id="5-AGUGUUACU" alt="STREME-5" width="9" initial_width="7" seed="AGUGUUACU" score_threshold="9.76007" train_pos_count="22" train_neg_count="0" train_log_pvalue="-6.12818" train_pvalue="7.4e-007" train_dtc="-1.0" train_bernoulli="-1" test_pos_count="1" test_neg_count="0" test_log_pvalue="-0.273878" test_pvalue="5.3e-001" test_dtc="-1.0" test_bernoulli="-1" is_palindromic="n/a" elapsed_time="3.0">
      <pos A="0.796103" C="0.199875" G="0.00169279" U="0.00232867"/>
      <pos A="0.0518056" C="0.00163253" G="0.944233" U="0.00232867"/>
      <pos A="0.101336" C="0.0511626" G="0.00169279" U="0.845809"/>
      <pos A="0.00227555" C="0.100815" G="0.894581" U="0.00232867"/>
      <pos A="0.0518056" C="0.00163253" G="0.00169279" U="0.944869"/>
      <pos A="0.00227555" C="0.00163253" G="0.100875" U="0.895217"/>
      <pos A="0.746206" C="0.100815" G="0.00169279" U="0.151286"/>
      <pos A="0.00227555" C="0.844745" G="0.00169279" U="0.151286"/>
      <pos A="0.00227555" C="0.0511626" G="0.00169279" U="0.944869"/>
    </motif>
    <motif id="6-UUUGUCUUCAG" alt="STREME-6" width="11" initial_width="9" seed="UUUGUCUUCAG" score_threshold="8.30559" train_pos_count="25" train_neg_count="1" train_log_pvalue="-5.87196" train_pvalue="1.3e-006" train_dtc="-1.0" train_bernoulli="-1" test_pos_count="1" test_neg_count="0" test_log_pvalue="-0.273878" test_pvalue="5.3e-001" test_dtc="-1.0" test_bernoulli="-1" is_palindromic="n/a" elapsed_time="3.5">
      <pos A="0.0609433" C="0.00192048" G="0.00199137" U="0.935145"/>
      <pos A="0.0609433" C="0.0601868" G="0.0602577" U="0.818612"/>
      <pos A="0.00267692" C="0.00192048" G="0.00199137" U="0.993411"/>
      <pos A="0.11921" C="0.00192048" G="0.701331" U="0.177538"/>
      <pos A="0.0609433" C="0.00192048" G="0.118524" U="0.818612"/>
      <pos A="0.00267692" C="0.992592" G="0.00199137" U="0.00273941"/>
      <pos A="0.11921" C="0.00192048" G="0.00199137" U="0.876879"/>
      <pos A="0.235742" C="0.118453" G="0.0602577" U="0.585547"/>
      <pos A="0.177476" C="0.701261" G="0.00199137" U="0.119272"/>
      <pos A="0.643607" C="0.118453" G="0.00199137" U="0.235949"/>
      <pos A="0.00267692" C="0.0601868" G="0.81772" U="0.119416"/>
    </motif>
  </motifs>
  <reason_for_stopping>Stopped because 3 consecutive motifs exceeded the p-value threshold (0.05).</reason_for_stopping>
  <run_time cpu="3.92"/>
</STREME>
