<STREME version="5.2.0" release="Wed Oct 14 12:02:54 2020 -0700">
  <model>
    <command_line>streme -oc streme27 --rna --p Positive_sequence.txt --n Negative_sequence.txt</command_line>
    <train_positives count="281" positions="28661" file="Positive_sequence.txt"/>
    <train_negatives count="323" positions="32945" from="file" file="Negative_sequence.txt"/>
    <test_positives count="31" positions="3161"/>
    <test_negatives count="35" positions="3569"/>
    <sequence_db/>
    <alphabet name="RNA" like="rna">
      <letter id="A" symbol="A" name="Adenine" colour="CC0000"/>
      <letter id="C" symbol="C" name="Cytosine" colour="0000CC"/>
      <letter id="G" symbol="G" name="Guanine" colour="FFB300"/>
      <letter id="U" symbol="U" aliases="T" name="Uracil" colour="008000"/>
      <letter id="N" symbol="N" aliases="X." equals="ACGU" name="Any base"/>
      <letter id="V" symbol="V" equals="ACG" name="Not U"/>
      <letter id="H" symbol="H" equals="ACU" name="Not G"/>
      <letter id="D" symbol="D" equals="AGU" name="Not C"/>
      <letter id="B" symbol="B" equals="CGU" name="Not A"/>
      <letter id="M" symbol="M" equals="AC" name="Amino"/>
      <letter id="R" symbol="R" equals="AG" name="Purine"/>
      <letter id="W" symbol="W" equals="AU" name="Weak"/>
      <letter id="S" symbol="S" equals="CG" name="Strong"/>
      <letter id="Y" symbol="Y" equals="CU" name="Pyrimidine"/>
      <letter id="K" symbol="K" equals="GU" name="Keto"/>
    </alphabet>
    <strands>none</strands>
    <background A="0.314" C="0.195" G="0.186" U="0.305" from="dataset"/>
    <stop pvt="0.05"/>
    <objfun>Differential Enrichment</objfun>
    <test>Fisher Exact Test</test>
    <minw>8</minw>
    <maxw>15</maxw>
    <kmer>3</kmer>
    <hofract>0.1</hofract>
    <neval>25</neval>
    <nref>4</nref>
    <niter>20</niter>
    <patience>3</patience>
    <seed>0</seed>
    <useer>no</useer>
    <minscore>0</minscore>
    <ignore_depth>5</ignore_depth>
    <nsubsets>1</nsubsets>
    <min_pal_ratio>0.85</min_pal_ratio>
    <max_pal_ed>5</max_pal_ed>
    <cand>no</cand>
    <experimental>no</experimental>
    <totallength>0</totallength>
    <host>DESKTOP-HL7FMNH</host>
  </model>
  <motifs>
    <motif id="1-GGAAGGGGH" alt="STREME-1" width="9" initial_width="7" seed="GGAAGGGUU" score_threshold="6.05478" train_pos_count="117" train_neg_count="43" train_log_pvalue="-14.7109" train_pvalue="1.9e-015" train_dtc="-1.0" train_bernoulli="-1" test_pos_count="9" test_neg_count="2" test_log_pvalue="-1.89647" test_pvalue="1.3e-002" test_dtc="-1.0" test_bernoulli="-1" is_palindromic="n/a" elapsed_time="1.7">
      <pos A="0.000387588" C="0.141938" G="0.8195" U="0.0381747"/>
      <pos A="0.00983407" C="0.000240453" G="0.970632" U="0.0192935"/>
      <pos A="0.94777" C="0.051624" G="0.000229467" U="0.000376973"/>
      <pos A="0.753509" C="0.000240453" G="0.0380154" U="0.208235"/>
      <pos A="0.140964" C="0.0191334" G="0.721969" U="0.117933"/>
      <pos A="0.226571" C="0.0191334" G="0.541886" U="0.21241"/>
      <pos A="0.103178" C="0.236497" G="0.551886" U="0.108439"/>
      <pos A="0.217798" C="0.170324" G="0.438363" U="0.173515"/>
      <pos A="0.311589" C="0.283706" G="0.000229467" U="0.404476"/>
    </motif>
    <motif id="2-CCCUGUGAG" alt="STREME-2" width="9" initial_width="7" seed="CCCUGUGAG" score_threshold="6.73724" train_pos_count="85" train_neg_count="28" train_log_pvalue="-11.1749" train_pvalue="6.7e-012" train_dtc="-1.0" train_bernoulli="-1" test_pos_count="9" test_neg_count="2" test_log_pvalue="-1.89647" test_pvalue="1.3e-002" test_dtc="-1.0" test_bernoulli="-1" is_palindromic="n/a" elapsed_time="2.5">
      <pos A="0.0338733" C="0.73147" G="0.10052" U="0.134138"/>
      <pos A="0.158435" C="0.713429" G="0.0671032" U="0.0610331"/>
      <pos A="0.134178" C="0.686845" G="0.0671032" U="0.111874"/>
      <pos A="0.201024" C="0.0667187" G="0.225478" U="0.506779"/>
      <pos A="0.000457022" C="0.0894076" G="0.909691" U="0.000444505"/>
      <pos A="0.0833787" C="0.0559774" G="0.0225481" U="0.838096"/>
      <pos A="0.0115958" C="0.0559774" G="0.898566" U="0.0338608"/>
      <pos A="0.703463" C="0.100532" G="0.117547" U="0.0784576"/>
      <pos A="0.0474167" C="0.217781" G="0.584645" U="0.150157"/>
    </motif>
    <motif id="3-CMGGAAGCHKS" alt="STREME-3" width="11" initial_width="6" seed="CAGGAAGCAUG" score_threshold="8.03894" train_pos_count="97" train_neg_count="16" train_log_pvalue="-20.9975" train_pvalue="1.0e-021" train_dtc="-1.0" train_bernoulli="-1" test_pos_count="9" test_neg_count="3" test_log_pvalue="-1.4842" test_pvalue="3.3e-002" test_dtc="-1.0" test_bernoulli="-1" is_palindromic="n/a" elapsed_time="1.0">
      <pos A="0.137903" C="0.626894" G="0.170145" U="0.0650576"/>
      <pos A="0.473285" C="0.251053" G="0.0892269" U="0.186435"/>
      <pos A="0.000332007" C="0.202522" G="0.796823" U="0.000322914"/>
      <pos A="0.0407912" C="0.000205971" G="0.95868" U="0.000322914"/>
      <pos A="0.699856" C="0.00829781" G="0.291523" U="0.000322914"/>
      <pos A="0.60728" C="0.0811243" G="0.303181" U="0.00841475"/>
      <pos A="0.0812504" C="0.145879" G="0.732088" U="0.0407821"/>
      <pos A="0.235015" C="0.659271" G="0.10539" U="0.000322914"/>
      <pos A="0.376153" C="0.218716" G="0.129666" U="0.275466"/>
      <pos A="0.186495" C="0.113492" G="0.448824" U="0.25119"/>
      <pos A="0.125286" C="0.259145" G="0.518125" U="0.0974451"/>
    </motif>
    <motif id="4-UGAAUGAGUA" alt="STREME-4" width="10" initial_width="7" seed="UGAAUGAGUA" score_threshold="9.31983" train_pos_count="22" train_neg_count="1" train_log_pvalue="-6.38877" train_pvalue="4.1e-007" train_dtc="-1.0" train_bernoulli="-1" test_pos_count="1" test_neg_count="0" test_log_pvalue="-0.328182" test_pvalue="4.7e-001" test_dtc="-1.0" test_bernoulli="-1" is_palindromic="n/a" elapsed_time="4.5">
      <pos A="0.0865481" C="0.00107936" G="0.00103005" U="0.911342"/>
      <pos A="0.190096" C="0.00107936" G="0.807132" U="0.00169219"/>
      <pos A="0.953794" C="0.00107936" G="0.00103005" U="0.0440963"/>
      <pos A="0.784178" C="0.0434835" G="0.128243" U="0.0440963"/>
      <pos A="0.00173984" C="0.00107936" G="0.0858384" U="0.911342"/>
      <pos A="0.0865481" C="0.00107936" G="0.91068" U="0.00169219"/>
      <pos A="0.868986" C="0.0858877" G="0.00103005" U="0.0440963"/>
      <pos A="0.232818" C="0.0858877" G="0.637198" U="0.0440963"/>
      <pos A="0.044144" C="0.128292" G="0.213157" U="0.614408"/>
      <pos A="0.529329" C="0.170696" G="0.170964" U="0.12901"/>
    </motif>
    <motif id="5-CUUGGCCUC" alt="STREME-5" width="9" initial_width="5" seed="CUUGGCCUC" score_threshold="8.31581" train_pos_count="38" train_neg_count="8" train_log_pvalue="-6.72699" train_pvalue="1.9e-007" train_dtc="-1.0" train_bernoulli="-1" test_pos_count="1" test_neg_count="3" test_log_pvalue="-0.0327561" test_pvalue="9.3e-001" test_dtc="-1.0" test_bernoulli="-1" is_palindromic="n/a" elapsed_time="3.9">
      <pos A="0.0916596" C="0.889" G="0.000441462" U="0.018899"/>
      <pos A="0.154212" C="0.127679" G="0.000441462" U="0.717668"/>
      <pos A="0.0814267" C="0.109505" G="0.145877" U="0.663192"/>
      <pos A="0.000745665" C="0.000462598" G="0.888979" U="0.109813"/>
      <pos A="0.255223" C="0.000462598" G="0.634501" U="0.109813"/>
      <pos A="0.182573" C="0.64471" G="0.0186152" U="0.154101"/>
      <pos A="0.000745665" C="0.943566" G="0.0186152" U="0.0370727"/>
      <pos A="0.0734859" C="0.145898" G="0.0367889" U="0.743828"/>
      <pos A="0.0916143" C="0.662929" G="0.0913554" U="0.154101"/>
    </motif>
    <motif id="6-CCCUGCUGB" alt="STREME-6" width="9" initial_width="5" seed="CCCUGCUGG" score_threshold="8.18237" train_pos_count="52" train_neg_count="7" train_log_pvalue="-11.5522" train_pvalue="2.8e-012" train_dtc="-1.0" train_bernoulli="-1" test_pos_count="1" test_neg_count="4" test_log_pvalue="-0.0160693" test_pvalue="9.6e-001" test_dtc="-1.0" test_bernoulli="-1" is_palindromic="n/a" elapsed_time="3.1">
      <pos A="0.129444" C="0.742889" G="0.0372086" U="0.090458"/>
      <pos A="0.0926594" C="0.832636" G="0.0739707" U="0.000733517"/>
      <pos A="0.000754172" C="0.924542" G="0.0372086" U="0.0374956"/>
      <pos A="0.119118" C="0.129135" G="0.0820479" U="0.669699"/>
      <pos A="0.0375163" C="0.000467875" G="0.795807" U="0.166209"/>
      <pos A="0.0904328" C="0.890006" G="0.0188276" U="0.000733517"/>
      <pos A="0.0824014" C="0.155594" G="0.0188276" U="0.743177"/>
      <pos A="0.000754172" C="0.165943" G="0.640613" U="0.19269"/>
      <pos A="0.000754172" C="0.318865" G="0.311659" U="0.368722"/>
    </motif>
  </motifs>
  <reason_for_stopping>Stopped because 3 consecutive motifs exceeded the p-value threshold (0.05).</reason_for_stopping>
  <run_time cpu="4.48"/>
</STREME>
