<STREME version="5.2.0" release="Wed Oct 14 12:02:54 2020 -0700">
  <model>
    <command_line>streme -oc streme19 --rna --p Positive_sequence.txt --n Negative_sequence.txt</command_line>
    <train_positives count="239" positions="24377" file="Positive_sequence.txt"/>
    <train_negatives count="163" positions="16625" from="file" file="Negative_sequence.txt"/>
    <test_positives count="26" positions="2651"/>
    <test_negatives count="18" positions="1835"/>
    <sequence_db/>
    <alphabet name="RNA" like="rna">
      <letter id="A" symbol="A" name="Adenine" colour="CC0000"/>
      <letter id="C" symbol="C" name="Cytosine" colour="0000CC"/>
      <letter id="G" symbol="G" name="Guanine" colour="FFB300"/>
      <letter id="U" symbol="U" aliases="T" name="Uracil" colour="008000"/>
      <letter id="N" symbol="N" aliases="X." equals="ACGU" name="Any base"/>
      <letter id="V" symbol="V" equals="ACG" name="Not U"/>
      <letter id="H" symbol="H" equals="ACU" name="Not G"/>
      <letter id="D" symbol="D" equals="AGU" name="Not C"/>
      <letter id="B" symbol="B" equals="CGU" name="Not A"/>
      <letter id="M" symbol="M" equals="AC" name="Amino"/>
      <letter id="R" symbol="R" equals="AG" name="Purine"/>
      <letter id="W" symbol="W" equals="AU" name="Weak"/>
      <letter id="S" symbol="S" equals="CG" name="Strong"/>
      <letter id="Y" symbol="Y" equals="CU" name="Pyrimidine"/>
      <letter id="K" symbol="K" equals="GU" name="Keto"/>
    </alphabet>
    <strands>none</strands>
    <background A="0.301" C="0.194" G="0.175" U="0.33" from="dataset"/>
    <stop pvt="0.05"/>
    <objfun>Differential Enrichment</objfun>
    <test>Fisher Exact Test</test>
    <minw>8</minw>
    <maxw>15</maxw>
    <kmer>3</kmer>
    <hofract>0.1</hofract>
    <neval>25</neval>
    <nref>4</nref>
    <niter>20</niter>
    <patience>3</patience>
    <seed>0</seed>
    <useer>no</useer>
    <minscore>0</minscore>
    <ignore_depth>5</ignore_depth>
    <nsubsets>1</nsubsets>
    <min_pal_ratio>0.85</min_pal_ratio>
    <max_pal_ed>5</max_pal_ed>
    <cand>no</cand>
    <experimental>no</experimental>
    <totallength>0</totallength>
    <host>DESKTOP-HL7FMNH</host>
  </model>
  <motifs>
    <motif id="1-YGGRGYBSVSNSS" alt="STREME-1" width="13" initial_width="14" seed="UGGAGUGCAGUGG" score_threshold="6.55152" train_pos_count="118" train_neg_count="8" train_log_pvalue="-23.5037" train_pvalue="3.1e-024" train_dtc="-1.0" train_bernoulli="-1" test_pos_count="11" test_neg_count="1" test_log_pvalue="-2.1517" test_pvalue="7.1e-003" test_dtc="-1.0" test_bernoulli="-1" is_palindromic="n/a" elapsed_time="1.6">
      <pos A="0.153149" C="0.349227" G="0.000244393" U="0.497379"/>
      <pos A="0.000421295" C="0.133664" G="0.865453" U="0.000461259"/>
      <pos A="0.0367511" C="0.240249" G="0.657121" U="0.0658787"/>
      <pos A="0.431887" C="0.0730132" G="0.349272" U="0.145828"/>
      <pos A="0.000421295" C="0.000270383" G="0.73457" U="0.264738"/>
      <pos A="0.160344" C="0.349274" G="0.155448" U="0.334933"/>
      <pos A="0.0149651" C="0.283809" G="0.41707" U="0.284155"/>
      <pos A="0.170193" C="0.487506" G="0.269156" U="0.0731446"/>
      <pos A="0.395628" C="0.21109" G="0.24737" U="0.145911"/>
      <pos A="0.167705" C="0.327417" G="0.351748" U="0.15313"/>
      <pos A="0.27679" C="0.291063" G="0.189254" U="0.242892"/>
      <pos A="0.0803468" C="0.291075" G="0.519068" U="0.10951"/>
      <pos A="0.145848" C="0.327417" G="0.35911" U="0.167626"/>
    </motif>
    <motif id="2-GHCCCWGSWSU" alt="STREME-2" width="11" initial_width="8" seed="GACCCAGGACA" score_threshold="6.48429" train_pos_count="98" train_neg_count="18" train_log_pvalue="-10.8945" train_pvalue="1.3e-011" train_dtc="-1.0" train_bernoulli="-1" test_pos_count="10" test_neg_count="1" test_log_pvalue="-1.8705" test_pvalue="1.3e-002" test_dtc="-1.0" test_bernoulli="-1" is_palindromic="n/a" elapsed_time="2.6">
      <pos A="0.0837253" C="0.208228" G="0.645045" U="0.0630018"/>
      <pos A="0.458034" C="0.249857" G="0.000349483" U="0.29176"/>
      <pos A="0.0109928" C="0.915232" G="0.073116" U="0.000659602"/>
      <pos A="0.0837253" C="0.603266" G="0.114711" U="0.198298"/>
      <pos A="0.000602454" C="0.884044" G="0.000349483" U="0.115005"/>
      <pos A="0.551598" C="0.00038665" G="0.125068" U="0.322948"/>
      <pos A="0.16695" C="0.0939339" G="0.738456" U="0.000659602"/>
      <pos A="0.0525542" C="0.499396" G="0.353775" U="0.0942749"/>
      <pos A="0.499527" C="0.0835775" G="0.0523353" U="0.36456"/>
      <pos A="0.000602454" C="0.520245" G="0.374555" U="0.104597"/>
      <pos A="0.229326" C="0.218652" G="0.073082" U="0.478939"/>
    </motif>
    <motif id="3-CUGCCUUUUUYYCCY" alt="STREME-3" width="15" initial_width="10" seed="CUGCCUUUUUUUCCU" score_threshold="9.827" train_pos_count="25" train_neg_count="0" train_log_pvalue="-5.8796" train_pvalue="1.3e-006" train_dtc="-1.0" train_bernoulli="-1" test_pos_count="1" test_neg_count="0" test_log_pvalue="-0.228479" test_pvalue="5.9e-001" test_dtc="-1.0" test_bernoulli="-1" is_palindromic="n/a" elapsed_time="4.2">
      <pos A="0.00218366" C="0.994159" G="0.00126674" U="0.0023908"/>
      <pos A="0.190612" C="0.114384" G="0.0389277" U="0.656077"/>
      <pos A="0.0775055" C="0.00140145" G="0.918702" U="0.0023908"/>
      <pos A="0.0398446" C="0.76807" G="0.189695" U="0.0023908"/>
      <pos A="0.00218366" C="0.843392" G="0.152034" U="0.0023908"/>
      <pos A="0.165784" C="0.152045" G="0.0389277" U="0.643243"/>
      <pos A="0.0776288" C="0.00140145" G="0.00126674" U="0.919703"/>
      <pos A="0.0398446" C="0.302812" G="0.0389277" U="0.618416"/>
      <pos A="0.0775055" C="0.0896801" G="0.152034" U="0.680781"/>
      <pos A="0.0775055" C="0.00140145" G="0.189571" U="0.731522"/>
      <pos A="0.00218366" C="0.453702" G="0.189695" U="0.354419"/>
      <pos A="0.11529" C="0.340596" G="0.0765886" U="0.467525"/>
      <pos A="0.152951" C="0.792774" G="0.00126674" U="0.0530085"/>
      <pos A="0.0776288" C="0.642007" G="0.00126674" U="0.279097"/>
      <pos A="0.190488" C="0.315892" G="0.00126674" U="0.492353"/>
    </motif>
    <motif id="4-GUHCACGU" alt="STREME-4" width="8" initial_width="10" seed="GUUCACGU" score_threshold="7.51762" train_pos_count="26" train_neg_count="0" train_log_pvalue="-6.12552" train_pvalue="7.5e-007" train_dtc="-1.0" train_bernoulli="-1" test_pos_count="1" test_neg_count="1" test_log_pvalue="-0.0766179" test_pvalue="8.4e-001" test_dtc="-1.0" test_bernoulli="-1" is_palindromic="n/a" elapsed_time="3.3">
      <pos A="0.00249511" C="0.00160134" G="0.993172" U="0.0027318"/>
      <pos A="0.261255" C="0.00160134" G="0.130545" U="0.606599"/>
      <pos A="0.390493" C="0.217045" G="0.0444799" U="0.347982"/>
      <pos A="0.00249511" C="0.993326" G="0.00144741" U="0.0027318"/>
      <pos A="0.692428" C="0.00160134" G="0.00144741" U="0.304524"/>
      <pos A="0.00249511" C="0.993326" G="0.00144741" U="0.0027318"/>
      <pos A="0.00249511" C="0.00160134" G="0.863933" U="0.13197"/>
      <pos A="0.0887013" C="0.0878072" G="0.0876532" U="0.735838"/>
    </motif>
    <motif id="5-AAGCACAGK" alt="STREME-5" width="9" initial_width="8" seed="AAGCACAGU" score_threshold="9.93743" train_pos_count="23" train_neg_count="0" train_log_pvalue="-5.39036" train_pvalue="4.1e-006" train_dtc="-1.0" train_bernoulli="-1" test_pos_count="1" test_neg_count="2" test_log_pvalue="-0.0276179" test_pvalue="9.4e-001" test_dtc="-1.0" test_bernoulli="-1" is_palindromic="n/a" elapsed_time="5.0">
      <pos A="0.951879" C="0.00157864" G="0.0014269" U="0.0451156"/>
      <pos A="0.937284" C="0.00157864" G="0.0438494" U="0.017288"/>
      <pos A="0.21499" C="0.00157864" G="0.738316" U="0.0451156"/>
      <pos A="0.0874436" C="0.738329" G="0.171534" U="0.00269307"/>
      <pos A="0.951879" C="0.0440011" G="0.0014269" U="0.00269307"/>
      <pos A="0.0874436" C="0.823453" G="0.0014269" U="0.0876769"/>
      <pos A="0.994301" C="0.00157864" G="0.0014269" U="0.00269307"/>
      <pos A="0.130145" C="0.00157864" G="0.865584" U="0.00269307"/>
      <pos A="0.0874436" C="0.0865625" G="0.39852" U="0.427474"/>
    </motif>
  </motifs>
  <reason_for_stopping>Stopped because 3 consecutive motifs exceeded the p-value threshold (0.05).</reason_for_stopping>
  <run_time cpu="5.03"/>
</STREME>
