<STREME version="5.2.0" release="Wed Oct 14 12:02:54 2020 -0700">
  <model>
    <command_line>streme -oc streme20 --rna --p Positive_sequence.txt --n Negative_sequence.txt</command_line>
    <train_positives count="331" positions="33761" file="Positive_sequence.txt"/>
    <train_negatives count="407" positions="41513" from="file" file="Negative_sequence.txt"/>
    <test_positives count="36" positions="3671"/>
    <test_negatives count="45" positions="4589"/>
    <sequence_db/>
    <alphabet name="RNA" like="rna">
      <letter id="A" symbol="A" name="Adenine" colour="CC0000"/>
      <letter id="C" symbol="C" name="Cytosine" colour="0000CC"/>
      <letter id="G" symbol="G" name="Guanine" colour="FFB300"/>
      <letter id="U" symbol="U" aliases="T" name="Uracil" colour="008000"/>
      <letter id="N" symbol="N" aliases="X." equals="ACGU" name="Any base"/>
      <letter id="V" symbol="V" equals="ACG" name="Not U"/>
      <letter id="H" symbol="H" equals="ACU" name="Not G"/>
      <letter id="D" symbol="D" equals="AGU" name="Not C"/>
      <letter id="B" symbol="B" equals="CGU" name="Not A"/>
      <letter id="M" symbol="M" equals="AC" name="Amino"/>
      <letter id="R" symbol="R" equals="AG" name="Purine"/>
      <letter id="W" symbol="W" equals="AU" name="Weak"/>
      <letter id="S" symbol="S" equals="CG" name="Strong"/>
      <letter id="Y" symbol="Y" equals="CU" name="Pyrimidine"/>
      <letter id="K" symbol="K" equals="GU" name="Keto"/>
    </alphabet>
    <strands>none</strands>
    <background A="0.293" C="0.211" G="0.21" U="0.286" from="dataset"/>
    <stop pvt="0.05"/>
    <objfun>Differential Enrichment</objfun>
    <test>Fisher Exact Test</test>
    <minw>8</minw>
    <maxw>15</maxw>
    <kmer>3</kmer>
    <hofract>0.1</hofract>
    <neval>25</neval>
    <nref>4</nref>
    <niter>20</niter>
    <patience>3</patience>
    <seed>0</seed>
    <useer>no</useer>
    <minscore>0</minscore>
    <ignore_depth>5</ignore_depth>
    <nsubsets>1</nsubsets>
    <min_pal_ratio>0.85</min_pal_ratio>
    <max_pal_ed>5</max_pal_ed>
    <cand>no</cand>
    <experimental>no</experimental>
    <totallength>0</totallength>
    <host>DESKTOP-HL7FMNH</host>
  </model>
  <motifs>
    <motif id="1-UCAAUKRDCUCAGA" alt="STREME-1" width="14" initial_width="14" seed="UCAAUGGGCUCAGA" score_threshold="9.53352" train_pos_count="28" train_neg_count="0" train_log_pvalue="-10.0354" train_pvalue="9.2e-011" train_dtc="-1.0" train_bernoulli="-1" test_pos_count="4" test_neg_count="0" test_log_pvalue="-1.45093" test_pvalue="3.5e-002" test_dtc="-1.0" test_bernoulli="-1" is_palindromic="n/a" elapsed_time="5.4">
      <pos A="0.00129694" C="0.000935054" G="0.000931068" U="0.996837"/>
      <pos A="0.00129694" C="0.81885" G="0.000931068" U="0.178922"/>
      <pos A="0.712589" C="0.285214" G="0.000931068" U="0.00126638"/>
      <pos A="0.996868" C="0.000935054" G="0.000931068" U="0.00126638"/>
      <pos A="0.00129694" C="0.178665" G="0.000931068" U="0.819107"/>
      <pos A="0.0368133" C="0.000935054" G="0.570084" U="0.392168"/>
      <pos A="0.285576" C="0.143074" G="0.392428" U="0.178922"/>
      <pos A="0.249985" C="0.000935054" G="0.428018" U="0.321061"/>
      <pos A="0.00129694" C="0.570088" G="0.214103" U="0.214512"/>
      <pos A="0.00129694" C="0.0364514" G="0.000931068" U="0.961321"/>
      <pos A="0.179027" C="0.605604" G="0.10748" U="0.107889"/>
      <pos A="0.890244" C="0.000935054" G="0.000931068" U="0.107889"/>
      <pos A="0.00129694" C="0.0364514" G="0.960985" U="0.00126638"/>
      <pos A="0.854728" C="0.000935054" G="0.14307" U="0.00126638"/>
    </motif>
    <motif id="2-ACAUCACAAARCA" alt="STREME-2" width="13" initial_width="10" seed="ACAUCACAAAGCA" score_threshold="8.11733" train_pos_count="12" train_neg_count="0" train_log_pvalue="-4.22731" train_pvalue="5.9e-005" train_dtc="-1.0" train_bernoulli="-1" test_pos_count="4" test_neg_count="0" test_log_pvalue="-1.45093" test_pvalue="3.5e-002" test_dtc="-1.0" test_bernoulli="-1" is_palindromic="n/a" elapsed_time="8.6">
      <pos A="0.992073" C="0.00236613" G="0.00235604" U="0.00320453"/>
      <pos A="0.00328187" C="0.901284" G="0.00235604" U="0.0930776"/>
      <pos A="0.992073" C="0.00236613" G="0.00235604" U="0.00320453"/>
      <pos A="0.00328187" C="0.00236613" G="0.0922292" U="0.902123"/>
      <pos A="0.00328187" C="0.901284" G="0.00235604" U="0.0930776"/>
      <pos A="0.812327" C="0.00236613" G="0.0922292" U="0.0930776"/>
      <pos A="0.183028" C="0.811411" G="0.00235604" U="0.00320453"/>
      <pos A="0.992073" C="0.00236613" G="0.00235604" U="0.00320453"/>
      <pos A="0.812327" C="0.00236613" G="0.0922292" U="0.0930776"/>
      <pos A="0.9022" C="0.00236613" G="0.0922292" U="0.00320453"/>
      <pos A="0.362961" C="0.00236613" G="0.631468" U="0.00320453"/>
      <pos A="0.183215" C="0.721351" G="0.00235604" U="0.0930776"/>
      <pos A="0.9022" C="0.00236613" G="0.0922292" U="0.00320453"/>
    </motif>
    <motif id="3-UGGUGAAUCAAAACA" alt="STREME-3" width="15" initial_width="15" seed="UGGUGAAUCAAAACA" score_threshold="15.6096" train_pos_count="10" train_neg_count="0" train_log_pvalue="-3.5153" train_pvalue="3.1e-004" train_dtc="-1.0" train_bernoulli="-1" test_pos_count="4" test_neg_count="0" test_log_pvalue="-1.45093" test_pvalue="3.5e-002" test_dtc="-1.0" test_bernoulli="-1" is_palindromic="n/a" elapsed_time="7.1">
      <pos A="0.0266182" C="0.0191909" G="0.0191091" U="0.935082"/>
      <pos A="0.0266182" C="0.0191909" G="0.9282" U="0.0259909"/>
      <pos A="0.0266182" C="0.0191909" G="0.9282" U="0.0259909"/>
      <pos A="0.0266182" C="0.0191909" G="0.0191091" U="0.935082"/>
      <pos A="0.0266182" C="0.0191909" G="0.9282" U="0.0259909"/>
      <pos A="0.935709" C="0.0191909" G="0.0191091" U="0.0259909"/>
      <pos A="0.935709" C="0.0191909" G="0.0191091" U="0.0259909"/>
      <pos A="0.0266182" C="0.0191909" G="0.0191091" U="0.935082"/>
      <pos A="0.0266182" C="0.928282" G="0.0191091" U="0.0259909"/>
      <pos A="0.935709" C="0.0191909" G="0.0191091" U="0.0259909"/>
      <pos A="0.935709" C="0.0191909" G="0.0191091" U="0.0259909"/>
      <pos A="0.935709" C="0.0191909" G="0.0191091" U="0.0259909"/>
      <pos A="0.935709" C="0.0191909" G="0.0191091" U="0.0259909"/>
      <pos A="0.0266182" C="0.928282" G="0.0191091" U="0.0259909"/>
      <pos A="0.935709" C="0.0191909" G="0.0191091" U="0.0259909"/>
    </motif>
    <motif id="4-AUAGURUUU" alt="STREME-4" width="9" initial_width="11" seed="AUAGUGUUU" score_threshold="6.50783" train_pos_count="93" train_neg_count="35" train_log_pvalue="-11.5993" train_pvalue="2.5e-012" train_dtc="-1.0" train_bernoulli="-1" test_pos_count="7" test_neg_count="2" test_log_pvalue="-1.42878" test_pvalue="3.7e-002" test_dtc="-1.0" test_bernoulli="-1" is_palindromic="n/a" elapsed_time="1.6">
      <pos A="0.846741" C="0.00733007" G="0.0688885" U="0.0770404"/>
      <pos A="0.167794" C="0.121791" G="0.0481754" U="0.66224"/>
      <pos A="0.908556" C="0.000297348" G="0.0115903" U="0.0795565"/>
      <pos A="0.0230009" C="0.0299656" G="0.751935" U="0.195099"/>
      <pos A="0.0569071" C="0.0115916" G="0.00029608" U="0.931205"/>
      <pos A="0.291775" C="0.12726" G="0.500594" U="0.0803718"/>
      <pos A="0.0343186" C="0.000297348" G="0.113333" U="0.852052"/>
      <pos A="0.17083" C="0.03418" G="0.00029608" U="0.794694"/>
      <pos A="0.0595859" C="0.187015" G="0.174916" U="0.578483"/>
    </motif>
    <motif id="5-AACAGUGA" alt="STREME-5" width="8" initial_width="8" seed="AACAGUGA" score_threshold="10.0136" train_pos_count="22" train_neg_count="0" train_log_pvalue="-7.83362" train_pvalue="1.5e-008" train_dtc="-1.0" train_bernoulli="-1" test_pos_count="2" test_neg_count="0" test_log_pvalue="-0.711204" test_pvalue="1.9e-001" test_dtc="-1.0" test_bernoulli="-1" is_palindromic="n/a" elapsed_time="9.8">
      <pos A="0.864009" C="0.00115857" G="0.0451597" U="0.0896728"/>
      <pos A="0.908015" C="0.00115857" G="0.0892574" U="0.00156909"/>
      <pos A="0.00160695" C="0.951664" G="0.00115363" U="0.0455751"/>
      <pos A="0.863825" C="0.00115857" G="0.00115363" U="0.133863"/>
      <pos A="0.0252212" C="0.00115857" G="0.972051" U="0.00156909"/>
      <pos A="0.00160695" C="0.00115857" G="0.00115363" U="0.996081"/>
      <pos A="0.00160695" C="0.0892623" G="0.775268" U="0.133863"/>
      <pos A="0.952113" C="0.0451646" G="0.00115363" U="0.00156909"/>
    </motif>
    <motif id="6-CUUAAGWH" alt="STREME-6" width="8" initial_width="7" seed="CUUAAGAA" score_threshold="9.0677" train_pos_count="39" train_neg_count="8" train_log_pvalue="-7.47672" train_pvalue="3.3e-008" train_dtc="-1.0" train_bernoulli="-1" test_pos_count="3" test_neg_count="1" test_log_pvalue="-0.641068" test_pvalue="2.3e-001" test_dtc="-1.0" test_bernoulli="-1" is_palindromic="n/a" elapsed_time="11.0">
      <pos A="0.00108851" C="0.997067" G="0.000781434" U="0.00106285"/>
      <pos A="0.00108851" C="0.00078478" G="0.0305899" U="0.967537"/>
      <pos A="0.00108851" C="0.00078478" G="0.000781434" U="0.997345"/>
      <pos A="0.997371" C="0.00078478" G="0.000781434" U="0.00106285"/>
      <pos A="0.967562" C="0.00078478" G="0.000781434" U="0.0308713"/>
      <pos A="0.00108851" C="0.00078478" G="0.728477" U="0.26965"/>
      <pos A="0.440468" C="0.120392" G="0.185712" U="0.253428"/>
      <pos A="0.348898" C="0.201198" G="0.0903933" U="0.359511"/>
    </motif>
    <motif id="7-UAUUCAGU" alt="STREME-7" width="8" initial_width="11" seed="UAUUCAGU" score_threshold="9.57218" train_pos_count="35" train_neg_count="1" train_log_pvalue="-11.3139" train_pvalue="4.9e-012" train_dtc="-1.0" train_bernoulli="-1" test_pos_count="3" test_neg_count="2" test_log_pvalue="-0.404443" test_pvalue="3.9e-001" test_dtc="-1.0" test_bernoulli="-1" is_palindromic="n/a" elapsed_time="3.1">
      <pos A="0.000793315" C="0.000571956" G="0.0440642" U="0.95457"/>
      <pos A="0.708228" C="0.0140996" G="0.131099" U="0.146574"/>
      <pos A="0.179865" C="0.138869" G="0.109329" U="0.571937"/>
      <pos A="0.000793315" C="0.0755577" G="0.000569518" U="0.923079"/>
      <pos A="0.000793315" C="0.954413" G="0.044019" U="0.00077462"/>
      <pos A="0.998084" C="0.000571956" G="0.000569518" U="0.00077462"/>
      <pos A="0.214348" C="0.0222967" G="0.749053" U="0.0143022"/>
      <pos A="0.0241089" C="0.184636" G="0.000569518" U="0.790686"/>
    </motif>
  </motifs>
  <reason_for_stopping>Stopped because 3 consecutive motifs exceeded the p-value threshold (0.05).</reason_for_stopping>
  <run_time cpu="12.97"/>
</STREME>
