<STREME version="5.2.0" release="Wed Oct 14 12:02:54 2020 -0700">
  <model>
    <command_line>streme -oc streme4 --rna --p Positive_sequence.txt --n Negative_sequence.txt</command_line>
    <train_positives count="385" positions="39269" file="Positive_sequence.txt"/>
    <train_negatives count="365" positions="37229" from="file" file="Negative_sequence.txt"/>
    <test_positives count="42" positions="4283"/>
    <test_negatives count="40" positions="4079"/>
    <sequence_db/>
    <alphabet name="RNA" like="rna">
      <letter id="A" symbol="A" name="Adenine" colour="CC0000"/>
      <letter id="C" symbol="C" name="Cytosine" colour="0000CC"/>
      <letter id="G" symbol="G" name="Guanine" colour="FFB300"/>
      <letter id="U" symbol="U" aliases="T" name="Uracil" colour="008000"/>
      <letter id="N" symbol="N" aliases="X." equals="ACGU" name="Any base"/>
      <letter id="V" symbol="V" equals="ACG" name="Not U"/>
      <letter id="H" symbol="H" equals="ACU" name="Not G"/>
      <letter id="D" symbol="D" equals="AGU" name="Not C"/>
      <letter id="B" symbol="B" equals="CGU" name="Not A"/>
      <letter id="M" symbol="M" equals="AC" name="Amino"/>
      <letter id="R" symbol="R" equals="AG" name="Purine"/>
      <letter id="W" symbol="W" equals="AU" name="Weak"/>
      <letter id="S" symbol="S" equals="CG" name="Strong"/>
      <letter id="Y" symbol="Y" equals="CU" name="Pyrimidine"/>
      <letter id="K" symbol="K" equals="GU" name="Keto"/>
    </alphabet>
    <strands>none</strands>
    <background A="0.269" C="0.231" G="0.234" U="0.266" from="dataset"/>
    <stop pvt="0.05"/>
    <objfun>Differential Enrichment</objfun>
    <test>Fisher Exact Test</test>
    <minw>8</minw>
    <maxw>15</maxw>
    <kmer>3</kmer>
    <hofract>0.1</hofract>
    <neval>25</neval>
    <nref>4</nref>
    <niter>20</niter>
    <patience>3</patience>
    <seed>0</seed>
    <useer>no</useer>
    <minscore>0</minscore>
    <ignore_depth>5</ignore_depth>
    <nsubsets>1</nsubsets>
    <min_pal_ratio>0.85</min_pal_ratio>
    <max_pal_ed>5</max_pal_ed>
    <cand>no</cand>
    <experimental>no</experimental>
    <totallength>0</totallength>
    <host>DESKTOP-HL7FMNH</host>
  </model>
  <motifs>
    <motif id="1-UAGUGCACA" alt="STREME-1" width="9" initial_width="9" seed="UAGUGCACA" score_threshold="8.41358" train_pos_count="62" train_neg_count="5" train_log_pvalue="-13.4515" train_pvalue="3.5e-014" train_dtc="-1.0" train_bernoulli="-1" test_pos_count="8" test_neg_count="1" test_log_pvalue="-1.7537" test_pvalue="1.8e-002" test_dtc="-1.0" test_bernoulli="-1" is_palindromic="n/a" elapsed_time="3.2">
      <pos A="0.0212729" C="0.109817" G="0.0414222" U="0.827488"/>
      <pos A="0.806882" C="0.0550793" G="0.000479226" U="0.137559"/>
      <pos A="0.0685332" C="0.0277754" G="0.788596" U="0.115096"/>
      <pos A="0.027842" C="0.000471454" G="0.000479226" U="0.971207"/>
      <pos A="0.173188" C="0.0875894" G="0.670458" U="0.0687647"/>
      <pos A="0.185084" C="0.738985" G="0.0481093" U="0.0278217"/>
      <pos A="0.841634" C="0.0687703" G="0.0208054" U="0.0687906"/>
      <pos A="0.0415199" C="0.834576" G="0.0414222" U="0.0824815"/>
      <pos A="0.793295" C="0.151074" G="0.000479226" U="0.0551515"/>
    </motif>
    <motif id="2-GCACAUUAA" alt="STREME-2" width="9" initial_width="9" seed="GCACAUUAA" score_threshold="7.01697" train_pos_count="48" train_neg_count="1" train_log_pvalue="-13.1474" train_pvalue="7.1e-014" train_dtc="-1.0" train_bernoulli="-1" test_pos_count="7" test_neg_count="1" test_log_pvalue="-1.4738" test_pvalue="3.4e-002" test_dtc="-1.0" test_bernoulli="-1" is_palindromic="n/a" elapsed_time="0.9">
      <pos A="0.00100279" C="0.000857991" G="0.822879" U="0.17526"/>
      <pos A="0.00100279" C="0.997136" G="0.000872136" U="0.000989389"/>
      <pos A="0.972459" C="0.000857991" G="0.0256936" U="0.000989389"/>
      <pos A="0.0258242" C="0.848018" G="0.000872136" U="0.125285"/>
      <pos A="0.972459" C="0.000857991" G="0.000872136" U="0.0258108"/>
      <pos A="0.00100279" C="0.000857991" G="0.0256936" U="0.972446"/>
      <pos A="0.10043" C="0.174939" G="0.0753836" U="0.649247"/>
      <pos A="0.873032" C="0.125107" G="0.000872136" U="0.000989389"/>
      <pos A="0.897853" C="0.000857991" G="0.1003" U="0.000989389"/>
    </motif>
    <motif id="3-CCCUGCUGKAMK" alt="STREME-3" width="12" initial_width="10" seed="CCCUGCUGUAAG" score_threshold="9.36232" train_pos_count="45" train_neg_count="0" train_log_pvalue="-13.6095" train_pvalue="2.5e-014" train_dtc="-1.0" train_bernoulli="-1" test_pos_count="4" test_neg_count="0" test_log_pvalue="-1.19386" test_pvalue="6.4e-002" test_dtc="-1.0" test_bernoulli="-1" is_palindromic="n/a" elapsed_time="1.7">
      <pos A="0.00080404" C="0.838337" G="0.000699282" U="0.16016"/>
      <pos A="0.00080404" C="0.997703" G="0.000699282" U="0.000793296"/>
      <pos A="0.0605098" C="0.85839" G="0.000699282" U="0.080401"/>
      <pos A="0.00080404" C="0.239833" G="0.000699282" U="0.758664"/>
      <pos A="0.00080404" C="0.000687941" G="0.918107" U="0.080401"/>
      <pos A="0.239949" C="0.659049" G="0.100209" U="0.000793296"/>
      <pos A="0.140269" C="0.0405296" G="0.0803448" U="0.738857"/>
      <pos A="0.00080404" C="0.0802957" G="0.898205" U="0.0206952"/>
      <pos A="0.00080404" C="0.0802957" G="0.459144" U="0.459756"/>
      <pos A="0.718795" C="0.000687941" G="0.21998" U="0.0605369"/>
      <pos A="0.618332" C="0.380176" G="0.000699282" U="0.000793296"/>
      <pos A="0.140345" C="0.000687941" G="0.538544" U="0.320424"/>
    </motif>
    <motif id="4-CAAAURYAAK" alt="STREME-4" width="10" initial_width="11" seed="CAAAUGUAAG" score_threshold="8.77136" train_pos_count="46" train_neg_count="1" train_log_pvalue="-12.5309" train_pvalue="2.9e-013" train_dtc="-1.0" train_bernoulli="-1" test_pos_count="1" test_neg_count="0" test_log_pvalue="-0.290565" test_pvalue="5.1e-001" test_dtc="-1.0" test_bernoulli="-1" is_palindromic="n/a" elapsed_time="2.4">
      <pos A="0.000947888" C="0.997293" G="0.000824388" U="0.000935221"/>
      <pos A="0.926997" C="0.000811018" G="0.000824388" U="0.0713673"/>
      <pos A="0.997429" C="0.000811018" G="0.000824388" U="0.000935221"/>
      <pos A="0.997429" C="0.000811018" G="0.000824388" U="0.000935221"/>
      <pos A="0.000947888" C="0.212331" G="0.0712119" U="0.715509"/>
      <pos A="0.574255" C="0.0477806" G="0.377029" U="0.000935221"/>
      <pos A="0.000947888" C="0.565118" G="0.000824388" U="0.43311"/>
      <pos A="0.973967" C="0.000811018" G="0.0242869" U="0.000935221"/>
      <pos A="0.997429" C="0.000811018" G="0.000824388" U="0.000935221"/>
      <pos A="0.141991" C="0.000811018" G="0.480058" U="0.37714"/>
    </motif>
    <motif id="5-ARGGGCCUU" alt="STREME-5" width="9" initial_width="10" seed="AAGGGCCUU" score_threshold="8.30191" train_pos_count="38" train_neg_count="2" train_log_pvalue="-9.07852" train_pvalue="8.3e-010" train_dtc="-1.0" train_bernoulli="-1" test_pos_count="1" test_neg_count="0" test_log_pvalue="-0.290565" test_pvalue="5.1e-001" test_dtc="-1.0" test_bernoulli="-1" is_palindromic="n/a" elapsed_time="5.5">
      <pos A="0.709666" C="0.000902193" G="0.000917066" U="0.288515"/>
      <pos A="0.419854" C="0.000902193" G="0.499903" U="0.0793409"/>
      <pos A="0.00105445" C="0.000902193" G="0.866453" U="0.131591"/>
      <pos A="0.00105445" C="0.105402" G="0.892503" U="0.00104036"/>
      <pos A="0.00105445" C="0.000902193" G="0.997003" U="0.00104036"/>
      <pos A="0.00105445" C="0.813989" G="0.000917066" U="0.18404"/>
      <pos A="0.0271546" C="0.944788" G="0.0270173" U="0.00104036"/>
      <pos A="0.131655" C="0.000902193" G="0.000917066" U="0.866526"/>
      <pos A="0.00105445" C="0.000902193" G="0.000917066" U="0.997126"/>
    </motif>
  </motifs>
  <reason_for_stopping>Stopped because 3 consecutive motifs exceeded the p-value threshold (0.05).</reason_for_stopping>
  <run_time cpu="5.50"/>
</STREME>
