<STREME version="5.2.0" release="Wed Oct 14 12:02:54 2020 -0700">
  <model>
    <command_line>streme -oc streme11 --rna --p Positive_sequence.txt --n Negative_sequence.txt</command_line>
    <train_positives count="243" positions="24785" file="Positive_sequence.txt"/>
    <train_negatives count="183" positions="18665" from="file" file="Negative_sequence.txt"/>
    <test_positives count="26" positions="2651"/>
    <test_negatives count="20" positions="2039"/>
    <sequence_db/>
    <alphabet name="RNA" like="rna">
      <letter id="A" symbol="A" name="Adenine" colour="CC0000"/>
      <letter id="C" symbol="C" name="Cytosine" colour="0000CC"/>
      <letter id="G" symbol="G" name="Guanine" colour="FFB300"/>
      <letter id="U" symbol="U" aliases="T" name="Uracil" colour="008000"/>
      <letter id="N" symbol="N" aliases="X." equals="ACGU" name="Any base"/>
      <letter id="V" symbol="V" equals="ACG" name="Not U"/>
      <letter id="H" symbol="H" equals="ACU" name="Not G"/>
      <letter id="D" symbol="D" equals="AGU" name="Not C"/>
      <letter id="B" symbol="B" equals="CGU" name="Not A"/>
      <letter id="M" symbol="M" equals="AC" name="Amino"/>
      <letter id="R" symbol="R" equals="AG" name="Purine"/>
      <letter id="W" symbol="W" equals="AU" name="Weak"/>
      <letter id="S" symbol="S" equals="CG" name="Strong"/>
      <letter id="Y" symbol="Y" equals="CU" name="Pyrimidine"/>
      <letter id="K" symbol="K" equals="GU" name="Keto"/>
    </alphabet>
    <strands>none</strands>
    <background A="0.313" C="0.185" G="0.187" U="0.316" from="dataset"/>
    <stop pvt="0.05"/>
    <objfun>Differential Enrichment</objfun>
    <test>Fisher Exact Test</test>
    <minw>8</minw>
    <maxw>15</maxw>
    <kmer>3</kmer>
    <hofract>0.1</hofract>
    <neval>25</neval>
    <nref>4</nref>
    <niter>20</niter>
    <patience>3</patience>
    <seed>0</seed>
    <useer>no</useer>
    <minscore>0</minscore>
    <ignore_depth>5</ignore_depth>
    <nsubsets>1</nsubsets>
    <min_pal_ratio>0.85</min_pal_ratio>
    <max_pal_ed>5</max_pal_ed>
    <cand>no</cand>
    <experimental>no</experimental>
    <totallength>0</totallength>
    <host>DESKTOP-HL7FMNH</host>
  </model>
  <motifs>
    <motif id="1-GCCCUGCU" alt="STREME-1" width="8" initial_width="6" seed="GCCCUGCU" score_threshold="6.8752" train_pos_count="78" train_neg_count="8" train_log_pvalue="-13.2991" train_pvalue="5.0e-014" train_dtc="-1.0" train_bernoulli="-1" test_pos_count="6" test_neg_count="1" test_log_pvalue="-1.00737" test_pvalue="9.8e-002" test_dtc="-1.0" test_bernoulli="-1" is_palindromic="n/a" elapsed_time="0.6">
      <pos A="0.133494" C="0.123167" G="0.511851" U="0.231488"/>
      <pos A="0.000622168" C="0.759791" G="0.134418" U="0.105168"/>
      <pos A="0.139573" C="0.747823" G="0.111977" U="0.000627337"/>
      <pos A="0.0676104" C="0.77515" G="0.1008" U="0.0564392"/>
      <pos A="0.189288" C="0.16782" G="0.0673239" U="0.575568"/>
      <pos A="0.179252" C="0.022685" G="0.797436" U="0.000627337"/>
      <pos A="0.011781" C="0.948735" G="0.0276802" U="0.0118038"/>
      <pos A="0.0676104" C="0.218946" G="0.183939" U="0.529504"/>
    </motif>
    <motif id="2-GAUGMUKAK" alt="STREME-2" width="9" initial_width="7" seed="GAUGAUUAG" score_threshold="8.63864" train_pos_count="30" train_neg_count="1" train_log_pvalue="-6.49886" train_pvalue="3.2e-007" train_dtc="-1.0" train_bernoulli="-1" test_pos_count="4" test_neg_count="1" test_log_pvalue="-0.574929" test_pvalue="2.7e-001" test_dtc="-1.0" test_bernoulli="-1" is_palindromic="n/a" elapsed_time="1.5">
      <pos A="0.00191046" C="0.00112796" G="0.96077" U="0.0361911"/>
      <pos A="0.893012" C="0.00112796" G="0.103933" U="0.00192633"/>
      <pos A="0.00191046" C="0.17256" G="0.241101" U="0.584428"/>
      <pos A="0.0361753" C="0.00112796" G="0.96077" U="0.00192633"/>
      <pos A="0.584521" C="0.343884" G="0.00113895" U="0.070456"/>
      <pos A="0.00191046" C="0.0696576" G="0.00113895" U="0.927293"/>
      <pos A="0.173235" C="0.0353928" G="0.309631" U="0.481742"/>
      <pos A="0.618785" C="0.275355" G="0.0696686" U="0.0361911"/>
      <pos A="0.00191046" C="0.0353928" G="0.617906" U="0.344791"/>
    </motif>
    <motif id="3-GCAGKGCY" alt="STREME-3" width="8" initial_width="5" seed="GCAGUGCU" score_threshold="6.82783" train_pos_count="76" train_neg_count="12" train_log_pvalue="-10.2315" train_pvalue="5.9e-011" train_dtc="-1.0" train_bernoulli="-1" test_pos_count="6" test_neg_count="3" test_log_pvalue="-0.416949" test_pvalue="3.8e-001" test_dtc="-1.0" test_bernoulli="-1" is_palindromic="n/a" elapsed_time="1.0">
      <pos A="0.000760899" C="0.000449246" G="0.998023" U="0.000767219"/>
      <pos A="0.000760899" C="0.754972" G="0.107029" U="0.137237"/>
      <pos A="0.687952" C="0.000449246" G="0.0550848" U="0.256514"/>
      <pos A="0.000760899" C="0.000449246" G="0.888825" U="0.109965"/>
      <pos A="0.134717" C="0.000449246" G="0.531677" U="0.333157"/>
      <pos A="0.000760899" C="0.10322" G="0.895252" U="0.000767219"/>
      <pos A="0.24658" C="0.501714" G="0.162909" U="0.088797"/>
      <pos A="0.184471" C="0.372682" G="0.0141006" U="0.428746"/>
    </motif>
  </motifs>
  <reason_for_stopping>Stopped because 3 consecutive motifs exceeded the p-value threshold (0.05).</reason_for_stopping>
  <run_time cpu="1.47"/>
</STREME>
