<STREME version="5.2.0" release="Wed Oct 14 12:02:54 2020 -0700">
  <model>
    <command_line>streme -oc streme30 --rna --p Positive_sequence.txt --n Negative_sequence.txt</command_line>
    <train_positives count="322" positions="32843" file="Positive_sequence.txt"/>
    <train_negatives count="367" positions="37433" from="file" file="Negative_sequence.txt"/>
    <test_positives count="35" positions="3569"/>
    <test_negatives count="40" positions="4079"/>
    <sequence_db/>
    <alphabet name="RNA" like="rna">
      <letter id="A" symbol="A" name="Adenine" colour="CC0000"/>
      <letter id="C" symbol="C" name="Cytosine" colour="0000CC"/>
      <letter id="G" symbol="G" name="Guanine" colour="FFB300"/>
      <letter id="U" symbol="U" aliases="T" name="Uracil" colour="008000"/>
      <letter id="N" symbol="N" aliases="X." equals="ACGU" name="Any base"/>
      <letter id="V" symbol="V" equals="ACG" name="Not U"/>
      <letter id="H" symbol="H" equals="ACU" name="Not G"/>
      <letter id="D" symbol="D" equals="AGU" name="Not C"/>
      <letter id="B" symbol="B" equals="CGU" name="Not A"/>
      <letter id="M" symbol="M" equals="AC" name="Amino"/>
      <letter id="R" symbol="R" equals="AG" name="Purine"/>
      <letter id="W" symbol="W" equals="AU" name="Weak"/>
      <letter id="S" symbol="S" equals="CG" name="Strong"/>
      <letter id="Y" symbol="Y" equals="CU" name="Pyrimidine"/>
      <letter id="K" symbol="K" equals="GU" name="Keto"/>
    </alphabet>
    <strands>none</strands>
    <background A="0.292" C="0.198" G="0.205" U="0.306" from="dataset"/>
    <stop pvt="0.05"/>
    <objfun>Differential Enrichment</objfun>
    <test>Fisher Exact Test</test>
    <minw>8</minw>
    <maxw>15</maxw>
    <kmer>3</kmer>
    <hofract>0.1</hofract>
    <neval>25</neval>
    <nref>4</nref>
    <niter>20</niter>
    <patience>3</patience>
    <seed>0</seed>
    <useer>no</useer>
    <minscore>0</minscore>
    <ignore_depth>5</ignore_depth>
    <nsubsets>1</nsubsets>
    <min_pal_ratio>0.85</min_pal_ratio>
    <max_pal_ed>5</max_pal_ed>
    <cand>no</cand>
    <experimental>no</experimental>
    <totallength>0</totallength>
    <host>DESKTOP-HL7FMNH</host>
  </model>
  <motifs>
    <motif id="1-YAAAUGUADW" alt="STREME-1" width="10" initial_width="8" seed="CAAAUGUAAU" score_threshold="6.29215" train_pos_count="106" train_neg_count="61" train_log_pvalue="-6.32485" train_pvalue="4.7e-007" train_dtc="-1.0" train_bernoulli="-1" test_pos_count="8" test_neg_count="1" test_log_pvalue="-2.09378" test_pvalue="8.1e-003" test_dtc="-1.0" test_bernoulli="-1" is_palindromic="n/a" elapsed_time="2.4">
      <pos A="0.128575" C="0.473656" G="0.0491202" U="0.348649"/>
      <pos A="0.852556" C="0.0735544" G="0.0165136" U="0.0573755"/>
      <pos A="0.708593" C="0.000211849" G="0.0980212" U="0.193174"/>
      <pos A="0.852556" C="0.0328007" G="0.114316" U="0.000327306"/>
      <pos A="0.000312633" C="0.0165063" G="0.103319" U="0.879862"/>
      <pos A="0.240625" C="0.0572956" G="0.693605" U="0.00847451"/>
      <pos A="0.171692" C="0.192216" G="0.00836644" U="0.627726"/>
      <pos A="0.848572" C="0.000211849" G="0.00836644" U="0.14285"/>
      <pos A="0.397388" C="0.0246712" G="0.323552" U="0.254389"/>
      <pos A="0.353036" C="0.000211849" G="0.192445" U="0.454307"/>
    </motif>
    <motif id="2-AADAGAAA" alt="STREME-2" width="8" initial_width="6" seed="AAAAGAAA" score_threshold="4.92733" train_pos_count="193" train_neg_count="106" train_log_pvalue="-15.8679" train_pvalue="1.4e-016" train_dtc="-1.0" train_bernoulli="-1" test_pos_count="21" test_neg_count="14" test_log_pvalue="-1.57995" test_pvalue="2.6e-002" test_dtc="-1.0" test_bernoulli="-1" is_palindromic="n/a" elapsed_time="1.0">
      <pos A="0.799692" C="0.0706219" G="0.000256441" U="0.12943"/>
      <pos A="0.773505" C="0.087262" G="0.119677" U="0.0195562"/>
      <pos A="0.29762" C="0.0978961" G="0.264769" U="0.339716"/>
      <pos A="0.930277" C="0.0330107" G="0.036329" U="0.000382845"/>
      <pos A="0.000365682" C="0.000247797" G="0.999004" U="0.000382845"/>
      <pos A="0.67124" C="0.198402" G="0.0447259" U="0.0856328"/>
      <pos A="0.916934" C="0.000247797" G="0.000256441" U="0.0825618"/>
      <pos A="0.775561" C="0.204885" G="0.000256441" U="0.0192979"/>
    </motif>
    <motif id="3-AUACUUGGGUAAU" alt="STREME-3" width="13" initial_width="3" seed="AUACUUGGGUAAU" score_threshold="9.2204" train_pos_count="29" train_neg_count="0" train_log_pvalue="-9.88552" train_pvalue="1.3e-010" train_dtc="-1.0" train_bernoulli="-1" test_pos_count="2" test_neg_count="0" test_log_pvalue="-0.668746" test_pvalue="2.1e-001" test_dtc="-1.0" test_bernoulli="-1" is_palindromic="n/a" elapsed_time="1.6">
      <pos A="0.88978" C="0.0545864" G="0.000724249" U="0.0549092"/>
      <pos A="0.0549193" C="0.000699836" G="0.0815248" U="0.862856"/>
      <pos A="0.755034" C="0.0545277" G="0.189357" U="0.00108124"/>
      <pos A="0.0817746" C="0.808705" G="0.108439" U="0.00108124"/>
      <pos A="0.0817746" C="0.0814417" G="0.135411" U="0.701372"/>
      <pos A="0.0817746" C="0.0276138" G="0.0546108" U="0.836001"/>
      <pos A="0.189606" C="0.0815004" G="0.673984" U="0.0549092"/>
      <pos A="0.108747" C="0.0276138" G="0.620039" U="0.2436"/>
      <pos A="0.108689" C="0.0276138" G="0.620156" U="0.243542"/>
      <pos A="0.243317" C="0.0545277" G="0.162267" U="0.539889"/>
      <pos A="0.674175" C="0.216305" G="0.0546108" U="0.0549092"/>
      <pos A="0.782124" C="0.000699836" G="0.0546108" U="0.162565"/>
      <pos A="0.162517" C="0.0276138" G="0.0276382" U="0.782231"/>
    </motif>
    <motif id="4-UCAGAAAC" alt="STREME-4" width="8" initial_width="6" seed="UCAGAAAC" score_threshold="8.32472" train_pos_count="37" train_neg_count="5" train_log_pvalue="-8.00752" train_pvalue="9.8e-009" train_dtc="-1.0" train_bernoulli="-1" test_pos_count="4" test_neg_count="2" test_log_pvalue="-0.560077" test_pvalue="2.8e-001" test_dtc="-1.0" test_bernoulli="-1" is_palindromic="n/a" elapsed_time="3.2">
      <pos A="0.00102592" C="0.000695195" G="0.0541904" U="0.944088"/>
      <pos A="0.0545552" C="0.823691" G="0.0287049" U="0.0930489"/>
      <pos A="0.715941" C="0.0809599" G="0.000719446" U="0.20238"/>
      <pos A="0.0277614" C="0.0542244" G="0.91694" U="0.00107407"/>
      <pos A="0.765026" C="0.0542244" G="0.000719446" U="0.18003"/>
      <pos A="0.810188" C="0.000695195" G="0.0542487" U="0.134868"/>
      <pos A="0.95495" C="0.000695195" G="0.0274549" U="0.0168995"/>
      <pos A="0.00102592" C="0.839606" G="0.0510017" U="0.108367"/>
    </motif>
    <motif id="5-AAAYACUCCAARRK" alt="STREME-5" width="14" initial_width="8" seed="AAACACUCCAAAGU" score_threshold="9.79203" train_pos_count="24" train_neg_count="2" train_log_pvalue="-6.11112" train_pvalue="7.7e-007" train_dtc="-1.0" train_bernoulli="-1" test_pos_count="3" test_neg_count="2" test_log_pvalue="-0.360569" test_pvalue="4.4e-001" test_dtc="-1.0" test_bernoulli="-1" is_palindromic="n/a" elapsed_time="4.3">
      <pos A="0.541809" C="0.0708879" G="0.175963" U="0.21134"/>
      <pos A="0.611787" C="0.000909811" G="0.245941" U="0.141362"/>
      <pos A="0.961754" C="0.000909811" G="0.0359306" U="0.00140565"/>
      <pos A="0.00134264" C="0.595953" G="0.000941548" U="0.401763"/>
      <pos A="0.751743" C="0.0709642" G="0.000941548" U="0.176351"/>
      <pos A="0.00134264" C="0.75131" G="0.245941" U="0.00140565"/>
      <pos A="0.10631" C="0.140942" G="0.000941548" U="0.751806"/>
      <pos A="0.00134264" C="0.666083" G="0.245865" U="0.086709"/>
      <pos A="0.141375" C="0.735909" G="0.000941548" U="0.121774"/>
      <pos A="0.736418" C="0.000909811" G="0.000941548" U="0.261731"/>
      <pos A="0.8917" C="0.0709642" G="0.000941548" U="0.0363947"/>
      <pos A="0.491342" C="0.000909811" G="0.506342" U="0.00140565"/>
      <pos A="0.351386" C="0.000909811" G="0.541332" U="0.106373"/>
      <pos A="0.176288" C="0.0358989" G="0.296256" U="0.491558"/>
    </motif>
  </motifs>
  <reason_for_stopping>Stopped because 3 consecutive motifs exceeded the p-value threshold (0.05).</reason_for_stopping>
  <run_time cpu="4.31"/>
</STREME>
